db_size,noise_level,query_index,target_id,rank,candidate_id,candidate_family,score,is_target
25,0.0,0,C002_circle_center,1,C002_circle_center,metric,0.9999999999999999,True
25,0.0,0,C002_circle_center,2,C013_pow2_p_r_x_3,power,0.6167373760889913,False
25,0.0,0,C002_circle_center,3,C007_integral_x,calculus,0.5978097117178611,False
25,0.0,0,C002_circle_center,4,C001_pythagorean,metric,0.5916099420705053,False
25,0.0,0,C002_circle_center,5,C015_root_F_E_v_5,root,0.5908501379196922,False
25,0.0,0,C002_circle_center,6,C022_pow2_b_m_a_12,power,0.556198838846633,False
25,0.0,0,C002_circle_center,7,C024_root_z_c_d_14,root,0.5261596543393808,False
25,0.0,0,C002_circle_center,8,C019_lin_b_c_m_9,linear,0.501347540306572,False
25,0.0,0,C002_circle_center,9,C006_derivative_square,calculus,0.47649820170348733,False
25,0.0,0,C002_circle_center,10,C011_lin_re_p_x_q_1,linear,0.47598696513576105,False
25,0.0,1,C023_ratio_c_z_s_13,1,C023_ratio_c_z_s_13,ratio,0.9999999999999999,True
25,0.0,1,C023_ratio_c_z_s_13,2,C014_ratio_q_d_F_4,ratio,0.754833202634644,False
25,0.0,1,C023_ratio_c_z_s_13,3,C019_lin_b_c_m_9,linear,0.7100284561612779,False
25,0.0,1,C023_ratio_c_z_s_13,4,C020_lin_re_E_t_F_10,linear,0.6385100186188574,False
25,0.0,1,C023_ratio_c_z_s_13,5,C012_solve_z_8_9_2,simple_solve,0.5656376896758057,False
25,0.0,1,C023_ratio_c_z_s_13,6,C010_lin_r_v_z_0,linear,0.5514074797509226,False
25,0.0,1,C023_ratio_c_z_s_13,7,C007_integral_x,calculus,0.5446469287201801,False
25,0.0,1,C023_ratio_c_z_s_13,8,C003_energy,physics,0.5354994476754449,False
25,0.0,1,C023_ratio_c_z_s_13,9,C018_poly_s_p_c_8,polynomial,0.5057685840913709,False
25,0.0,1,C023_ratio_c_z_s_13,10,C004_force,physics,0.5049858706959777,False
25,0.0,2,C015_root_F_E_v_5,1,C015_root_F_E_v_5,root,0.9999999999999999,True
25,0.0,2,C015_root_F_E_v_5,2,C024_root_z_c_d_14,root,0.8093375735567755,False
25,0.0,2,C015_root_F_E_v_5,3,C013_pow2_p_r_x_3,power,0.7502720602782144,False
25,0.0,2,C015_root_F_E_v_5,4,C022_pow2_b_m_a_12,power,0.7202444426412358,False
25,0.0,2,C015_root_F_E_v_5,5,C001_pythagorean,metric,0.7164205185830711,False
25,0.0,2,C015_root_F_E_v_5,6,C007_integral_x,calculus,0.6753713808871338,False
25,0.0,2,C015_root_F_E_v_5,7,C018_poly_s_p_c_8,polynomial,0.672472540719537,False
25,0.0,2,C015_root_F_E_v_5,8,C016_area_p_6,geometry,0.6556412874220685,False
25,0.0,2,C015_root_F_E_v_5,9,C003_energy,physics,0.6534146075094937,False
25,0.0,2,C015_root_F_E_v_5,10,C005_area_circle,geometry,0.6320768564347552,False
25,0.0,3,C019_lin_b_c_m_9,1,C019_lin_b_c_m_9,linear,0.9999999999999999,True
25,0.0,3,C019_lin_b_c_m_9,2,C023_ratio_c_z_s_13,ratio,0.7100284561612779,False
25,0.0,3,C019_lin_b_c_m_9,3,C014_ratio_q_d_F_4,ratio,0.6529017683771433,False
25,0.0,3,C019_lin_b_c_m_9,4,C020_lin_re_E_t_F_10,linear,0.6269343355576047,False
25,0.0,3,C019_lin_b_c_m_9,5,C010_lin_r_v_z_0,linear,0.618986198207782,False
25,0.0,3,C019_lin_b_c_m_9,6,C012_solve_z_8_9_2,simple_solve,0.618159089895011,False
25,0.0,3,C019_lin_b_c_m_9,7,C004_force,physics,0.5891663176127616,False
25,0.0,3,C019_lin_b_c_m_9,8,C003_energy,physics,0.5672889611302904,False
25,0.0,3,C019_lin_b_c_m_9,9,C021_solve_E_7_7_11,simple_solve,0.5662466726676226,False
25,0.0,3,C019_lin_b_c_m_9,10,C018_poly_s_p_c_8,polynomial,0.5382222182734832,False
25,0.0,4,C010_lin_r_v_z_0,1,C010_lin_r_v_z_0,linear,1.0,True
25,0.0,4,C010_lin_r_v_z_0,2,C012_solve_z_8_9_2,simple_solve,0.6662002396527547,False
25,0.0,4,C010_lin_r_v_z_0,3,C021_solve_E_7_7_11,simple_solve,0.6623283351027781,False
25,0.0,4,C010_lin_r_v_z_0,4,C017_phys_a_t_7,physics,0.651765944875028,False
25,0.0,4,C010_lin_r_v_z_0,5,C004_force,physics,0.635745340115069,False
25,0.0,4,C010_lin_r_v_z_0,6,C011_lin_re_p_x_q_1,linear,0.62185687989819,False
25,0.0,4,C010_lin_r_v_z_0,7,C019_lin_b_c_m_9,linear,0.618986198207782,False
25,0.0,4,C010_lin_r_v_z_0,8,C018_poly_s_p_c_8,polynomial,0.5745986975240426,False
25,0.0,4,C010_lin_r_v_z_0,9,C005_area_circle,geometry,0.5601441624079516,False
25,0.0,4,C010_lin_r_v_z_0,10,C023_ratio_c_z_s_13,ratio,0.5514074797509226,False
25,0.0,5,C016_area_p_6,1,C016_area_p_6,geometry,1.0,True
25,0.0,5,C016_area_p_6,2,C005_area_circle,geometry,0.9189133309818142,False
25,0.0,5,C016_area_p_6,3,C025_area_y_15,geometry,0.9132440771643474,False
25,0.0,5,C016_area_p_6,4,C003_energy,physics,0.769282266558087,False
25,0.0,5,C016_area_p_6,5,C013_pow2_p_r_x_3,power,0.7063827253738681,False
25,0.0,5,C016_area_p_6,6,C022_pow2_b_m_a_12,power,0.6908440735636507,False
25,0.0,5,C016_area_p_6,7,C001_pythagorean,metric,0.6821988323762088,False
25,0.0,5,C016_area_p_6,8,C024_root_z_c_d_14,root,0.6579675607790414,False
25,0.0,5,C016_area_p_6,9,C015_root_F_E_v_5,root,0.6556412874220685,False
25,0.0,5,C016_area_p_6,10,C018_poly_s_p_c_8,polynomial,0.6516042970985588,False
25,0.0,6,C008_division_zero,1,C008_division_zero,omega,0.9999999999999999,True
25,0.0,6,C008_division_zero,2,C006_derivative_square,calculus,0.5238243229051939,False
25,0.0,6,C008_division_zero,3,C012_solve_z_8_9_2,simple_solve,0.5206290718505546,False
25,0.0,6,C008_division_zero,4,C021_solve_E_7_7_11,simple_solve,0.5032399556541846,False
25,0.0,6,C008_division_zero,5,C001_pythagorean,metric,0.49435680971147444,False
25,0.0,6,C008_division_zero,6,C023_ratio_c_z_s_13,ratio,0.49193068039547894,False
25,0.0,6,C008_division_zero,7,C003_energy,physics,0.48653409390270014,False
25,0.0,6,C008_division_zero,8,C018_poly_s_p_c_8,polynomial,0.47956363253854223,False
25,0.0,6,C008_division_zero,9,C007_integral_x,calculus,0.47953319571999714,False
25,0.0,6,C008_division_zero,10,C025_area_y_15,geometry,0.47240012703595907,False
25,0.0,7,C025_area_y_15,1,C025_area_y_15,geometry,1.0,True
25,0.0,7,C025_area_y_15,2,C005_area_circle,geometry,0.9263411736689761,False
25,0.0,7,C025_area_y_15,3,C016_area_p_6,geometry,0.9132440771643474,False
25,0.0,7,C025_area_y_15,4,C003_energy,physics,0.7704263582209939,False
25,0.0,7,C025_area_y_15,5,C001_pythagorean,metric,0.709651075864815,False
25,0.0,7,C025_area_y_15,6,C022_pow2_b_m_a_12,power,0.6888241681818669,False
25,0.0,7,C025_area_y_15,7,C024_root_z_c_d_14,root,0.6734204645757892,False
25,0.0,7,C025_area_y_15,8,C013_pow2_p_r_x_3,power,0.6550450424032859,False
25,0.0,7,C025_area_y_15,9,C006_derivative_square,calculus,0.6414400187377469,False
25,0.0,7,C025_area_y_15,10,C015_root_F_E_v_5,root,0.6212130033345149,False
25,0.0,8,C006_derivative_square,1,C006_derivative_square,calculus,0.9999999999999999,True
25,0.0,8,C006_derivative_square,2,C001_pythagorean,metric,0.6916974595035386,False
25,0.0,8,C006_derivative_square,3,C024_root_z_c_d_14,root,0.6559171105131548,False
25,0.0,8,C006_derivative_square,4,C022_pow2_b_m_a_12,power,0.6504326239723054,False
25,0.0,8,C006_derivative_square,5,C025_area_y_15,geometry,0.6414400187377469,False
25,0.0,8,C006_derivative_square,6,C003_energy,physics,0.6354799386425374,False
25,0.0,8,C006_derivative_square,7,C005_area_circle,geometry,0.6336298277508722,False
25,0.0,8,C006_derivative_square,8,C018_poly_s_p_c_8,polynomial,0.6269529354439044,False
25,0.0,8,C006_derivative_square,9,C007_integral_x,calculus,0.6157185205637634,False
25,0.0,8,C006_derivative_square,10,C013_pow2_p_r_x_3,power,0.6138320363058354,False
25,0.0,9,C001_pythagorean,1,C001_pythagorean,metric,1.0,True
25,0.0,9,C001_pythagorean,2,C013_pow2_p_r_x_3,power,0.8930403605019356,False
25,0.0,9,C001_pythagorean,3,C022_pow2_b_m_a_12,power,0.8635300044233089,False
25,0.0,9,C001_pythagorean,4,C024_root_z_c_d_14,root,0.7462704595726605,False
25,0.0,9,C001_pythagorean,5,C018_poly_s_p_c_8,polynomial,0.7414692572724695,False
25,0.0,9,C001_pythagorean,6,C005_area_circle,geometry,0.7202676245786498,False
25,0.0,9,C001_pythagorean,7,C015_root_F_E_v_5,root,0.7164205185830711,False
25,0.0,9,C001_pythagorean,8,C025_area_y_15,geometry,0.709651075864815,False
25,0.0,9,C001_pythagorean,9,C003_energy,physics,0.7049771347631205,False
25,0.0,9,C001_pythagorean,10,C006_derivative_square,calculus,0.6916974595035386,False
25,0.0,10,C003_energy,1,C003_energy,physics,0.9999999999999999,True
25,0.0,10,C003_energy,2,C005_area_circle,geometry,0.773177699449356,False
25,0.0,10,C003_energy,3,C025_area_y_15,geometry,0.7704263582209939,False
25,0.0,10,C003_energy,4,C016_area_p_6,geometry,0.769282266558087,False
25,0.0,10,C003_energy,5,C022_pow2_b_m_a_12,power,0.7363308139022826,False
25,0.0,10,C003_energy,6,C001_pythagorean,metric,0.7049771347631205,False
25,0.0,10,C003_energy,7,C024_root_z_c_d_14,root,0.6941590180885594,False
25,0.0,10,C003_energy,8,C018_poly_s_p_c_8,polynomial,0.6682563414316155,False
25,0.0,10,C003_energy,9,C013_pow2_p_r_x_3,power,0.6654416735800518,False
25,0.0,10,C003_energy,10,C015_root_F_E_v_5,root,0.6534146075094937,False
25,0.0,11,C022_pow2_b_m_a_12,1,C022_pow2_b_m_a_12,power,0.9999999999999999,True
25,0.0,11,C022_pow2_b_m_a_12,2,C001_pythagorean,metric,0.8635300044233089,False
25,0.0,11,C022_pow2_b_m_a_12,3,C013_pow2_p_r_x_3,power,0.8392446368238206,False
25,0.0,11,C022_pow2_b_m_a_12,4,C018_poly_s_p_c_8,polynomial,0.7461800757452679,False
25,0.0,11,C022_pow2_b_m_a_12,5,C024_root_z_c_d_14,root,0.7427105004097326,False
25,0.0,11,C022_pow2_b_m_a_12,6,C003_energy,physics,0.7363308139022826,False
25,0.0,11,C022_pow2_b_m_a_12,7,C015_root_F_E_v_5,root,0.7202444426412358,False
25,0.0,11,C022_pow2_b_m_a_12,8,C005_area_circle,geometry,0.692272394210906,False
25,0.0,11,C022_pow2_b_m_a_12,9,C016_area_p_6,geometry,0.6908440735636507,False
25,0.0,11,C022_pow2_b_m_a_12,10,C025_area_y_15,geometry,0.6888241681818669,False
25,0.0,12,C013_pow2_p_r_x_3,1,C013_pow2_p_r_x_3,power,0.9999999999999999,True
25,0.0,12,C013_pow2_p_r_x_3,2,C001_pythagorean,metric,0.8930403605019356,False
25,0.0,12,C013_pow2_p_r_x_3,3,C022_pow2_b_m_a_12,power,0.8392446368238206,False
25,0.0,12,C013_pow2_p_r_x_3,4,C015_root_F_E_v_5,root,0.7502720602782144,False
25,0.0,12,C013_pow2_p_r_x_3,5,C018_poly_s_p_c_8,polynomial,0.7485552174862528,False
25,0.0,12,C013_pow2_p_r_x_3,6,C007_integral_x,calculus,0.7263190374260469,False
25,0.0,12,C013_pow2_p_r_x_3,7,C016_area_p_6,geometry,0.7063827253738681,False
25,0.0,12,C013_pow2_p_r_x_3,8,C005_area_circle,geometry,0.6918841600463548,False
25,0.0,12,C013_pow2_p_r_x_3,9,C024_root_z_c_d_14,root,0.6909013066430292,False
25,0.0,12,C013_pow2_p_r_x_3,10,C003_energy,physics,0.6654416735800518,False
25,0.0,13,C024_root_z_c_d_14,1,C024_root_z_c_d_14,root,0.9999999999999999,True
25,0.0,13,C024_root_z_c_d_14,2,C015_root_F_E_v_5,root,0.8093375735567755,False
25,0.0,13,C024_root_z_c_d_14,3,C001_pythagorean,metric,0.7462704595726605,False
25,0.0,13,C024_root_z_c_d_14,4,C022_pow2_b_m_a_12,power,0.7427105004097326,False
25,0.0,13,C024_root_z_c_d_14,5,C018_poly_s_p_c_8,polynomial,0.7029357006966722,False
25,0.0,13,C024_root_z_c_d_14,6,C003_energy,physics,0.6941590180885594,False
25,0.0,13,C024_root_z_c_d_14,7,C013_pow2_p_r_x_3,power,0.6909013066430292,False
25,0.0,13,C024_root_z_c_d_14,8,C025_area_y_15,geometry,0.6734204645757892,False
25,0.0,13,C024_root_z_c_d_14,9,C005_area_circle,geometry,0.6715666210866008,False
25,0.0,13,C024_root_z_c_d_14,10,C016_area_p_6,geometry,0.6579675607790414,False
25,0.0,14,C017_phys_a_t_7,1,C017_phys_a_t_7,physics,1.0,True
25,0.0,14,C017_phys_a_t_7,2,C004_force,physics,0.8227997704451581,False
25,0.0,14,C017_phys_a_t_7,3,C010_lin_r_v_z_0,linear,0.651765944875028,False
25,0.0,14,C017_phys_a_t_7,4,C011_lin_re_p_x_q_1,linear,0.6517064462002058,False
25,0.0,14,C017_phys_a_t_7,5,C020_lin_re_E_t_F_10,linear,0.6231648511046326,False
25,0.0,14,C017_phys_a_t_7,6,C003_energy,physics,0.5906420803508654,False
25,0.0,14,C017_phys_a_t_7,7,C005_area_circle,geometry,0.5837039155531252,False
25,0.0,14,C017_phys_a_t_7,8,C016_area_p_6,geometry,0.5828973093112805,False
25,0.0,14,C017_phys_a_t_7,9,C025_area_y_15,geometry,0.5822593511027969,False
25,0.0,14,C017_phys_a_t_7,10,C021_solve_E_7_7_11,simple_solve,0.5716335028585223,False
25,0.0,15,C004_force,1,C004_force,physics,1.0,True
25,0.0,15,C004_force,2,C017_phys_a_t_7,physics,0.8227997704451581,False
25,0.0,15,C004_force,3,C011_lin_re_p_x_q_1,linear,0.66525522989425,False
25,0.0,15,C004_force,4,C010_lin_r_v_z_0,linear,0.635745340115069,False
25,0.0,15,C004_force,5,C019_lin_b_c_m_9,linear,0.5891663176127616,False
25,0.0,15,C004_force,6,C014_ratio_q_d_F_4,ratio,0.5866550517889952,False
25,0.0,15,C004_force,7,C020_lin_re_E_t_F_10,linear,0.5596136313904725,False
25,0.0,15,C004_force,8,C003_energy,physics,0.550797012523046,False
25,0.0,15,C004_force,9,C023_ratio_c_z_s_13,ratio,0.5049858706959777,False
25,0.0,15,C004_force,10,C016_area_p_6,geometry,0.5022105522577763,False
25,0.0,16,C007_integral_x,1,C007_integral_x,calculus,0.9999999999999999,True
25,0.0,16,C007_integral_x,2,C013_pow2_p_r_x_3,power,0.7263190374260469,False
25,0.0,16,C007_integral_x,3,C015_root_F_E_v_5,root,0.6753713808871338,False
25,0.0,16,C007_integral_x,4,C001_pythagorean,metric,0.6682597887803478,False
25,0.0,16,C007_integral_x,5,C022_pow2_b_m_a_12,power,0.6307714573367137,False
25,0.0,16,C007_integral_x,6,C016_area_p_6,geometry,0.6287860514265081,False
25,0.0,16,C007_integral_x,7,C014_ratio_q_d_F_4,ratio,0.6191720431304522,False
25,0.0,16,C007_integral_x,8,C006_derivative_square,calculus,0.6157185205637634,False
25,0.0,16,C007_integral_x,9,C003_energy,physics,0.6146422427623067,False
25,0.0,16,C007_integral_x,10,C005_area_circle,geometry,0.6051908940397616,False
25,0.0,17,C021_solve_E_7_7_11,1,C021_solve_E_7_7_11,simple_solve,1.0,True
25,0.0,17,C021_solve_E_7_7_11,2,C012_solve_z_8_9_2,simple_solve,0.7554565795433665,False
25,0.0,17,C021_solve_E_7_7_11,3,C010_lin_r_v_z_0,linear,0.6623283351027781,False
25,0.0,17,C021_solve_E_7_7_11,4,C018_poly_s_p_c_8,polynomial,0.6310323392709671,False
25,0.0,17,C021_solve_E_7_7_11,5,C003_energy,physics,0.6301607520271374,False
25,0.0,17,C021_solve_E_7_7_11,6,C022_pow2_b_m_a_12,power,0.6271399504016187,False
25,0.0,17,C021_solve_E_7_7_11,7,C001_pythagorean,metric,0.6153668253538626,False
25,0.0,17,C021_solve_E_7_7_11,8,C013_pow2_p_r_x_3,power,0.5936269584998256,False
25,0.0,17,C021_solve_E_7_7_11,9,C005_area_circle,geometry,0.5847877229300112,False
25,0.0,17,C021_solve_E_7_7_11,10,C025_area_y_15,geometry,0.5835428097588168,False
25,0.0,18,C005_area_circle,1,C005_area_circle,geometry,1.0,True
25,0.0,18,C005_area_circle,2,C025_area_y_15,geometry,0.9263411736689761,False
25,0.0,18,C005_area_circle,3,C016_area_p_6,geometry,0.9189133309818142,False
25,0.0,18,C005_area_circle,4,C003_energy,physics,0.773177699449356,False
25,0.0,18,C005_area_circle,5,C001_pythagorean,metric,0.7202676245786498,False
25,0.0,18,C005_area_circle,6,C022_pow2_b_m_a_12,power,0.692272394210906,False
25,0.0,18,C005_area_circle,7,C013_pow2_p_r_x_3,power,0.6918841600463548,False
25,0.0,18,C005_area_circle,8,C024_root_z_c_d_14,root,0.6715666210866008,False
25,0.0,18,C005_area_circle,9,C006_derivative_square,calculus,0.6336298277508722,False
25,0.0,18,C005_area_circle,10,C015_root_F_E_v_5,root,0.6320768564347552,False
25,0.0,19,C012_solve_z_8_9_2,1,C012_solve_z_8_9_2,simple_solve,0.9999999999999999,True
25,0.0,19,C012_solve_z_8_9_2,2,C021_solve_E_7_7_11,simple_solve,0.7554565795433665,False
25,0.0,19,C012_solve_z_8_9_2,3,C010_lin_r_v_z_0,linear,0.6662002396527547,False
25,0.0,19,C012_solve_z_8_9_2,4,C019_lin_b_c_m_9,linear,0.618159089895011,False
25,0.0,19,C012_solve_z_8_9_2,5,C024_root_z_c_d_14,root,0.6038039811270748,False
25,0.0,19,C012_solve_z_8_9_2,6,C018_poly_s_p_c_8,polynomial,0.601897065570305,False
25,0.0,19,C012_solve_z_8_9_2,7,C001_pythagorean,metric,0.5994561865229292,False
25,0.0,19,C012_solve_z_8_9_2,8,C006_derivative_square,calculus,0.5974382915125359,False
25,0.0,19,C012_solve_z_8_9_2,9,C022_pow2_b_m_a_12,power,0.5950408975946025,False
25,0.0,19,C012_solve_z_8_9_2,10,C003_energy,physics,0.582816825261609,False
25,0.0,20,C014_ratio_q_d_F_4,1,C014_ratio_q_d_F_4,ratio,0.9999999999999999,True
25,0.0,20,C014_ratio_q_d_F_4,2,C023_ratio_c_z_s_13,ratio,0.754833202634644,False
25,0.0,20,C014_ratio_q_d_F_4,3,C020_lin_re_E_t_F_10,linear,0.6565624384960244,False
25,0.0,20,C014_ratio_q_d_F_4,4,C019_lin_b_c_m_9,linear,0.6529017683771433,False
25,0.0,20,C014_ratio_q_d_F_4,5,C007_integral_x,calculus,0.6191720431304522,False
25,0.0,20,C014_ratio_q_d_F_4,6,C004_force,physics,0.5866550517889952,False
25,0.0,20,C014_ratio_q_d_F_4,7,C011_lin_re_p_x_q_1,linear,0.5769108343616707,False
25,0.0,20,C014_ratio_q_d_F_4,8,C017_phys_a_t_7,physics,0.5555177517588678,False
25,0.0,20,C014_ratio_q_d_F_4,9,C010_lin_r_v_z_0,linear,0.529075869541068,False
25,0.0,20,C014_ratio_q_d_F_4,10,C015_root_F_E_v_5,root,0.5181471731829584,False
25,0.0,21,C020_lin_re_E_t_F_10,1,C020_lin_re_E_t_F_10,linear,0.9999999999999999,True
25,0.0,21,C020_lin_re_E_t_F_10,2,C014_ratio_q_d_F_4,ratio,0.6565624384960244,False
25,0.0,21,C020_lin_re_E_t_F_10,3,C023_ratio_c_z_s_13,ratio,0.6385100186188574,False
25,0.0,21,C020_lin_re_E_t_F_10,4,C019_lin_b_c_m_9,linear,0.6269343355576047,False
25,0.0,21,C020_lin_re_E_t_F_10,5,C011_lin_re_p_x_q_1,linear,0.623604744207036,False
25,0.0,21,C020_lin_re_E_t_F_10,6,C017_phys_a_t_7,physics,0.6231648511046326,False
25,0.0,21,C020_lin_re_E_t_F_10,7,C003_energy,physics,0.5794319844202306,False
25,0.0,21,C020_lin_re_E_t_F_10,8,C004_force,physics,0.5596136313904725,False
25,0.0,21,C020_lin_re_E_t_F_10,9,C012_solve_z_8_9_2,simple_solve,0.5095816619791417,False
25,0.0,21,C020_lin_re_E_t_F_10,10,C006_derivative_square,calculus,0.4952596717120739,False
25,0.0,22,C018_poly_s_p_c_8,1,C018_poly_s_p_c_8,polynomial,0.9999999999999999,True
25,0.0,22,C018_poly_s_p_c_8,2,C013_pow2_p_r_x_3,power,0.7485552174862528,False
25,0.0,22,C018_poly_s_p_c_8,3,C022_pow2_b_m_a_12,power,0.7461800757452679,False
25,0.0,22,C018_poly_s_p_c_8,4,C001_pythagorean,metric,0.7414692572724695,False
25,0.0,22,C018_poly_s_p_c_8,5,C024_root_z_c_d_14,root,0.7029357006966722,False
25,0.0,22,C018_poly_s_p_c_8,6,C015_root_F_E_v_5,root,0.672472540719537,False
25,0.0,22,C018_poly_s_p_c_8,7,C003_energy,physics,0.6682563414316155,False
25,0.0,22,C018_poly_s_p_c_8,8,C016_area_p_6,geometry,0.6516042970985588,False
25,0.0,22,C018_poly_s_p_c_8,9,C021_solve_E_7_7_11,simple_solve,0.6310323392709671,False
25,0.0,22,C018_poly_s_p_c_8,10,C006_derivative_square,calculus,0.6269529354439044,False
25,0.0,23,C011_lin_re_p_x_q_1,1,C011_lin_re_p_x_q_1,linear,0.9999999999999999,True
25,0.0,23,C011_lin_re_p_x_q_1,2,C004_force,physics,0.66525522989425,False
25,0.0,23,C011_lin_re_p_x_q_1,3,C017_phys_a_t_7,physics,0.6517064462002058,False
25,0.0,23,C011_lin_re_p_x_q_1,4,C020_lin_re_E_t_F_10,linear,0.623604744207036,False
25,0.0,23,C011_lin_re_p_x_q_1,5,C010_lin_r_v_z_0,linear,0.62185687989819,False
25,0.0,23,C011_lin_re_p_x_q_1,6,C014_ratio_q_d_F_4,ratio,0.5769108343616707,False
25,0.0,23,C011_lin_re_p_x_q_1,7,C016_area_p_6,geometry,0.5761115975502573,False
25,0.0,23,C011_lin_re_p_x_q_1,8,C013_pow2_p_r_x_3,power,0.5665738505055075,False
25,0.0,23,C011_lin_re_p_x_q_1,9,C007_integral_x,calculus,0.5541309081592438,False
25,0.0,23,C011_lin_re_p_x_q_1,10,C005_area_circle,geometry,0.5360208995811762,False
25,0.1,0,C021_solve_E_7_7_11,1,C021_solve_E_7_7_11,simple_solve,1.0,True
25,0.1,0,C021_solve_E_7_7_11,2,C012_solve_z_8_9_2,simple_solve,0.7554565795433665,False
25,0.1,0,C021_solve_E_7_7_11,3,C010_lin_r_v_z_0,linear,0.6623283351027781,False
25,0.1,0,C021_solve_E_7_7_11,4,C018_poly_s_p_c_8,polynomial,0.6310323392709671,False
25,0.1,0,C021_solve_E_7_7_11,5,C003_energy,physics,0.6301607520271374,False
25,0.1,0,C021_solve_E_7_7_11,6,C022_pow2_b_m_a_12,power,0.6271399504016187,False
25,0.1,0,C021_solve_E_7_7_11,7,C001_pythagorean,metric,0.6153668253538626,False
25,0.1,0,C021_solve_E_7_7_11,8,C013_pow2_p_r_x_3,power,0.5936269584998256,False
25,0.1,0,C021_solve_E_7_7_11,9,C005_area_circle,geometry,0.5847877229300112,False
25,0.1,0,C021_solve_E_7_7_11,10,C025_area_y_15,geometry,0.5835428097588168,False
25,0.1,1,C001_pythagorean,1,C001_pythagorean,metric,1.0,True
25,0.1,1,C001_pythagorean,2,C013_pow2_p_r_x_3,power,0.8930403605019356,False
25,0.1,1,C001_pythagorean,3,C022_pow2_b_m_a_12,power,0.8635300044233089,False
25,0.1,1,C001_pythagorean,4,C024_root_z_c_d_14,root,0.7462704595726605,False
25,0.1,1,C001_pythagorean,5,C018_poly_s_p_c_8,polynomial,0.7414692572724695,False
25,0.1,1,C001_pythagorean,6,C005_area_circle,geometry,0.7202676245786498,False
25,0.1,1,C001_pythagorean,7,C015_root_F_E_v_5,root,0.7164205185830711,False
25,0.1,1,C001_pythagorean,8,C025_area_y_15,geometry,0.709651075864815,False
25,0.1,1,C001_pythagorean,9,C003_energy,physics,0.7049771347631205,False
25,0.1,1,C001_pythagorean,10,C006_derivative_square,calculus,0.6916974595035386,False
25,0.1,2,C012_solve_z_8_9_2,1,C012_solve_z_8_9_2,simple_solve,0.9999999999999999,True
25,0.1,2,C012_solve_z_8_9_2,2,C021_solve_E_7_7_11,simple_solve,0.7554565795433665,False
25,0.1,2,C012_solve_z_8_9_2,3,C010_lin_r_v_z_0,linear,0.6662002396527547,False
25,0.1,2,C012_solve_z_8_9_2,4,C019_lin_b_c_m_9,linear,0.618159089895011,False
25,0.1,2,C012_solve_z_8_9_2,5,C024_root_z_c_d_14,root,0.6038039811270748,False
25,0.1,2,C012_solve_z_8_9_2,6,C018_poly_s_p_c_8,polynomial,0.601897065570305,False
25,0.1,2,C012_solve_z_8_9_2,7,C001_pythagorean,metric,0.5994561865229292,False
25,0.1,2,C012_solve_z_8_9_2,8,C006_derivative_square,calculus,0.5974382915125359,False
25,0.1,2,C012_solve_z_8_9_2,9,C022_pow2_b_m_a_12,power,0.5950408975946025,False
25,0.1,2,C012_solve_z_8_9_2,10,C003_energy,physics,0.582816825261609,False
25,0.1,3,C024_root_z_c_d_14,1,C024_root_z_c_d_14,root,0.9123993779902292,True
25,0.1,3,C024_root_z_c_d_14,2,C015_root_F_E_v_5,root,0.7252469510832774,False
25,0.1,3,C024_root_z_c_d_14,3,C001_pythagorean,metric,0.6566196284653528,False
25,0.1,3,C024_root_z_c_d_14,4,C022_pow2_b_m_a_12,power,0.656328042459206,False
25,0.1,3,C024_root_z_c_d_14,5,C018_poly_s_p_c_8,polynomial,0.6467349363626114,False
25,0.1,3,C024_root_z_c_d_14,6,C003_energy,physics,0.6238017176242943,False
25,0.1,3,C024_root_z_c_d_14,7,C013_pow2_p_r_x_3,power,0.607697836200345,False
25,0.1,3,C024_root_z_c_d_14,8,C025_area_y_15,geometry,0.6030399627138975,False
25,0.1,3,C024_root_z_c_d_14,9,C005_area_circle,geometry,0.6005579256962589,False
25,0.1,3,C024_root_z_c_d_14,10,C006_derivative_square,calculus,0.5985989727200172,False
25,0.1,4,C014_ratio_q_d_F_4,1,C014_ratio_q_d_F_4,ratio,0.7806507057065976,True
25,0.1,4,C014_ratio_q_d_F_4,2,C023_ratio_c_z_s_13,ratio,0.6434100272044943,False
25,0.1,4,C014_ratio_q_d_F_4,3,C017_phys_a_t_7,physics,0.6034757444309956,False
25,0.1,4,C014_ratio_q_d_F_4,4,C008_division_zero,omega,0.5993897105870158,False
25,0.1,4,C014_ratio_q_d_F_4,5,C020_lin_re_E_t_F_10,linear,0.5746445692266053,False
25,0.1,4,C014_ratio_q_d_F_4,6,C012_solve_z_8_9_2,simple_solve,0.5534881282668587,False
25,0.1,4,C014_ratio_q_d_F_4,7,C010_lin_r_v_z_0,linear,0.5530342061776408,False
25,0.1,4,C014_ratio_q_d_F_4,8,C021_solve_E_7_7_11,simple_solve,0.5472452520904705,False
25,0.1,4,C014_ratio_q_d_F_4,9,C003_energy,physics,0.5427501072735238,False
25,0.1,4,C014_ratio_q_d_F_4,10,C011_lin_re_p_x_q_1,linear,0.5365641040824554,False
25,0.1,5,C013_pow2_p_r_x_3,1,C013_pow2_p_r_x_3,power,0.945780673659936,True
25,0.1,5,C013_pow2_p_r_x_3,2,C001_pythagorean,metric,0.8133176743457163,False
25,0.1,5,C013_pow2_p_r_x_3,3,C007_integral_x,calculus,0.7687889107459881,False
25,0.1,5,C013_pow2_p_r_x_3,4,C022_pow2_b_m_a_12,power,0.7585643050916188,False
25,0.1,5,C013_pow2_p_r_x_3,5,C015_root_F_E_v_5,root,0.7253024881716807,False
25,0.1,5,C013_pow2_p_r_x_3,6,C002_circle_center,metric,0.6723461849747355,False
25,0.1,5,C013_pow2_p_r_x_3,7,C018_poly_s_p_c_8,polynomial,0.6687590378110685,False
25,0.1,5,C013_pow2_p_r_x_3,8,C016_area_p_6,geometry,0.6534742811659251,False
25,0.1,5,C013_pow2_p_r_x_3,9,C005_area_circle,geometry,0.6310509287508483,False
25,0.1,5,C013_pow2_p_r_x_3,10,C024_root_z_c_d_14,root,0.6140485212656654,False
25,0.1,6,C025_area_y_15,1,C025_area_y_15,geometry,0.8599070554692541,True
25,0.1,6,C025_area_y_15,2,C005_area_circle,geometry,0.7906844414872021,False
25,0.1,6,C025_area_y_15,3,C016_area_p_6,geometry,0.778071047290875,False
25,0.1,6,C025_area_y_15,4,C003_energy,physics,0.664037910844205,False
25,0.1,6,C025_area_y_15,5,C001_pythagorean,metric,0.5853635144823123,False
25,0.1,6,C025_area_y_15,6,C006_derivative_square,calculus,0.5768601668233506,False
25,0.1,6,C025_area_y_15,7,C024_root_z_c_d_14,root,0.5668199503820425,False
25,0.1,6,C025_area_y_15,8,C017_phys_a_t_7,physics,0.562702485518409,False
25,0.1,6,C025_area_y_15,9,C022_pow2_b_m_a_12,power,0.5617244614227004,False
25,0.1,6,C025_area_y_15,10,C018_poly_s_p_c_8,polynomial,0.5261936103069651,False
25,0.1,7,C022_pow2_b_m_a_12,1,C022_pow2_b_m_a_12,power,0.9999999999999999,True
25,0.1,7,C022_pow2_b_m_a_12,2,C001_pythagorean,metric,0.8635300044233089,False
25,0.1,7,C022_pow2_b_m_a_12,3,C013_pow2_p_r_x_3,power,0.8392446368238206,False
25,0.1,7,C022_pow2_b_m_a_12,4,C018_poly_s_p_c_8,polynomial,0.7461800757452679,False
25,0.1,7,C022_pow2_b_m_a_12,5,C024_root_z_c_d_14,root,0.7427105004097326,False
25,0.1,7,C022_pow2_b_m_a_12,6,C003_energy,physics,0.7363308139022826,False
25,0.1,7,C022_pow2_b_m_a_12,7,C015_root_F_E_v_5,root,0.7202444426412358,False
25,0.1,7,C022_pow2_b_m_a_12,8,C005_area_circle,geometry,0.692272394210906,False
25,0.1,7,C022_pow2_b_m_a_12,9,C016_area_p_6,geometry,0.6908440735636507,False
25,0.1,7,C022_pow2_b_m_a_12,10,C025_area_y_15,geometry,0.6888241681818669,False
25,0.1,8,C015_root_F_E_v_5,1,C015_root_F_E_v_5,root,0.9999999999999999,True
25,0.1,8,C015_root_F_E_v_5,2,C024_root_z_c_d_14,root,0.8093375735567755,False
25,0.1,8,C015_root_F_E_v_5,3,C013_pow2_p_r_x_3,power,0.7502720602782144,False
25,0.1,8,C015_root_F_E_v_5,4,C022_pow2_b_m_a_12,power,0.7202444426412358,False
25,0.1,8,C015_root_F_E_v_5,5,C001_pythagorean,metric,0.7164205185830711,False
25,0.1,8,C015_root_F_E_v_5,6,C007_integral_x,calculus,0.6753713808871338,False
25,0.1,8,C015_root_F_E_v_5,7,C018_poly_s_p_c_8,polynomial,0.672472540719537,False
25,0.1,8,C015_root_F_E_v_5,8,C016_area_p_6,geometry,0.6556412874220685,False
25,0.1,8,C015_root_F_E_v_5,9,C003_energy,physics,0.6534146075094937,False
25,0.1,8,C015_root_F_E_v_5,10,C005_area_circle,geometry,0.6320768564347552,False
25,0.1,9,C006_derivative_square,1,C006_derivative_square,calculus,0.8964174541878913,True
25,0.1,9,C006_derivative_square,2,C001_pythagorean,metric,0.6307142065465778,False
25,0.1,9,C006_derivative_square,3,C018_poly_s_p_c_8,polynomial,0.6048041203604304,False
25,0.1,9,C006_derivative_square,4,C025_area_y_15,geometry,0.5993412385401632,False
25,0.1,9,C006_derivative_square,5,C003_energy,physics,0.5989795987536604,False
25,0.1,9,C006_derivative_square,6,C022_pow2_b_m_a_12,power,0.5971982998978883,False
25,0.1,9,C006_derivative_square,7,C005_area_circle,geometry,0.5950620733147923,False
25,0.1,9,C006_derivative_square,8,C024_root_z_c_d_14,root,0.5948305049612583,False
25,0.1,9,C006_derivative_square,9,C016_area_p_6,geometry,0.5768141295844659,False
25,0.1,9,C006_derivative_square,10,C013_pow2_p_r_x_3,power,0.5755202981387292,False
25,0.1,10,C002_circle_center,1,C002_circle_center,metric,0.9999999999999999,True
25,0.1,10,C002_circle_center,2,C013_pow2_p_r_x_3,power,0.6167373760889913,False
25,0.1,10,C002_circle_center,3,C007_integral_x,calculus,0.5978097117178611,False
25,0.1,10,C002_circle_center,4,C001_pythagorean,metric,0.5916099420705053,False
25,0.1,10,C002_circle_center,5,C015_root_F_E_v_5,root,0.5908501379196922,False
25,0.1,10,C002_circle_center,6,C022_pow2_b_m_a_12,power,0.556198838846633,False
25,0.1,10,C002_circle_center,7,C024_root_z_c_d_14,root,0.5261596543393808,False
25,0.1,10,C002_circle_center,8,C019_lin_b_c_m_9,linear,0.501347540306572,False
25,0.1,10,C002_circle_center,9,C006_derivative_square,calculus,0.47649820170348733,False
25,0.1,10,C002_circle_center,10,C011_lin_re_p_x_q_1,linear,0.47598696513576105,False
25,0.1,11,C023_ratio_c_z_s_13,1,C023_ratio_c_z_s_13,ratio,0.9999999999999999,True
25,0.1,11,C023_ratio_c_z_s_13,2,C014_ratio_q_d_F_4,ratio,0.754833202634644,False
25,0.1,11,C023_ratio_c_z_s_13,3,C019_lin_b_c_m_9,linear,0.7100284561612779,False
25,0.1,11,C023_ratio_c_z_s_13,4,C020_lin_re_E_t_F_10,linear,0.6385100186188574,False
25,0.1,11,C023_ratio_c_z_s_13,5,C012_solve_z_8_9_2,simple_solve,0.5656376896758057,False
25,0.1,11,C023_ratio_c_z_s_13,6,C010_lin_r_v_z_0,linear,0.5514074797509226,False
25,0.1,11,C023_ratio_c_z_s_13,7,C007_integral_x,calculus,0.5446469287201801,False
25,0.1,11,C023_ratio_c_z_s_13,8,C003_energy,physics,0.5354994476754449,False
25,0.1,11,C023_ratio_c_z_s_13,9,C018_poly_s_p_c_8,polynomial,0.5057685840913709,False
25,0.1,11,C023_ratio_c_z_s_13,10,C004_force,physics,0.5049858706959777,False
25,0.1,12,C016_area_p_6,1,C016_area_p_6,geometry,1.0,True
25,0.1,12,C016_area_p_6,2,C005_area_circle,geometry,0.9189133309818142,False
25,0.1,12,C016_area_p_6,3,C025_area_y_15,geometry,0.9132440771643474,False
25,0.1,12,C016_area_p_6,4,C003_energy,physics,0.769282266558087,False
25,0.1,12,C016_area_p_6,5,C013_pow2_p_r_x_3,power,0.7063827253738681,False
25,0.1,12,C016_area_p_6,6,C022_pow2_b_m_a_12,power,0.6908440735636507,False
25,0.1,12,C016_area_p_6,7,C001_pythagorean,metric,0.6821988323762088,False
25,0.1,12,C016_area_p_6,8,C024_root_z_c_d_14,root,0.6579675607790414,False
25,0.1,12,C016_area_p_6,9,C015_root_F_E_v_5,root,0.6556412874220685,False
25,0.1,12,C016_area_p_6,10,C018_poly_s_p_c_8,polynomial,0.6516042970985588,False
25,0.1,13,C005_area_circle,1,C005_area_circle,geometry,0.8891628962960751,True
25,0.1,13,C005_area_circle,2,C025_area_y_15,geometry,0.8228199714576383,False
25,0.1,13,C005_area_circle,3,C016_area_p_6,geometry,0.8133762648572138,False
25,0.1,13,C005_area_circle,4,C003_energy,physics,0.7263763065056228,False
25,0.1,13,C005_area_circle,5,C001_pythagorean,metric,0.6765338392448291,False
25,0.1,13,C005_area_circle,6,C022_pow2_b_m_a_12,power,0.6407340979759041,False
25,0.1,13,C005_area_circle,7,C013_pow2_p_r_x_3,power,0.638271491786731,False
25,0.1,13,C005_area_circle,8,C024_root_z_c_d_14,root,0.628198131781128,False
25,0.1,13,C005_area_circle,9,C006_derivative_square,calculus,0.6098959008500434,False
25,0.1,13,C005_area_circle,10,C015_root_F_E_v_5,root,0.5766112509226472,False
25,0.1,14,C011_lin_re_p_x_q_1,1,C011_lin_re_p_x_q_1,linear,0.9999999999999999,True
25,0.1,14,C011_lin_re_p_x_q_1,2,C004_force,physics,0.66525522989425,False
25,0.1,14,C011_lin_re_p_x_q_1,3,C017_phys_a_t_7,physics,0.6517064462002058,False
25,0.1,14,C011_lin_re_p_x_q_1,4,C020_lin_re_E_t_F_10,linear,0.623604744207036,False
25,0.1,14,C011_lin_re_p_x_q_1,5,C010_lin_r_v_z_0,linear,0.62185687989819,False
25,0.1,14,C011_lin_re_p_x_q_1,6,C014_ratio_q_d_F_4,ratio,0.5769108343616707,False
25,0.1,14,C011_lin_re_p_x_q_1,7,C016_area_p_6,geometry,0.5761115975502573,False
25,0.1,14,C011_lin_re_p_x_q_1,8,C013_pow2_p_r_x_3,power,0.5665738505055075,False
25,0.1,14,C011_lin_re_p_x_q_1,9,C007_integral_x,calculus,0.5541309081592438,False
25,0.1,14,C011_lin_re_p_x_q_1,10,C005_area_circle,geometry,0.5360208995811762,False
25,0.1,15,C007_integral_x,1,C007_integral_x,calculus,0.9999999999999999,True
25,0.1,15,C007_integral_x,2,C013_pow2_p_r_x_3,power,0.7263190374260469,False
25,0.1,15,C007_integral_x,3,C015_root_F_E_v_5,root,0.6753713808871338,False
25,0.1,15,C007_integral_x,4,C001_pythagorean,metric,0.6682597887803478,False
25,0.1,15,C007_integral_x,5,C022_pow2_b_m_a_12,power,0.6307714573367137,False
25,0.1,15,C007_integral_x,6,C016_area_p_6,geometry,0.6287860514265081,False
25,0.1,15,C007_integral_x,7,C014_ratio_q_d_F_4,ratio,0.6191720431304522,False
25,0.1,15,C007_integral_x,8,C006_derivative_square,calculus,0.6157185205637634,False
25,0.1,15,C007_integral_x,9,C003_energy,physics,0.6146422427623067,False
25,0.1,15,C007_integral_x,10,C005_area_circle,geometry,0.6051908940397616,False
25,0.1,16,C018_poly_s_p_c_8,1,C018_poly_s_p_c_8,polynomial,0.9999999999999999,True
25,0.1,16,C018_poly_s_p_c_8,2,C013_pow2_p_r_x_3,power,0.7485552174862528,False
25,0.1,16,C018_poly_s_p_c_8,3,C022_pow2_b_m_a_12,power,0.7461800757452679,False
25,0.1,16,C018_poly_s_p_c_8,4,C001_pythagorean,metric,0.7414692572724695,False
25,0.1,16,C018_poly_s_p_c_8,5,C024_root_z_c_d_14,root,0.7029357006966722,False
25,0.1,16,C018_poly_s_p_c_8,6,C015_root_F_E_v_5,root,0.672472540719537,False
25,0.1,16,C018_poly_s_p_c_8,7,C003_energy,physics,0.6682563414316155,False
25,0.1,16,C018_poly_s_p_c_8,8,C016_area_p_6,geometry,0.6516042970985588,False
25,0.1,16,C018_poly_s_p_c_8,9,C021_solve_E_7_7_11,simple_solve,0.6310323392709671,False
25,0.1,16,C018_poly_s_p_c_8,10,C006_derivative_square,calculus,0.6269529354439044,False
25,0.1,17,C010_lin_r_v_z_0,1,C010_lin_r_v_z_0,linear,1.0,True
25,0.1,17,C010_lin_r_v_z_0,2,C012_solve_z_8_9_2,simple_solve,0.6662002396527547,False
25,0.1,17,C010_lin_r_v_z_0,3,C021_solve_E_7_7_11,simple_solve,0.6623283351027781,False
25,0.1,17,C010_lin_r_v_z_0,4,C017_phys_a_t_7,physics,0.651765944875028,False
25,0.1,17,C010_lin_r_v_z_0,5,C004_force,physics,0.635745340115069,False
25,0.1,17,C010_lin_r_v_z_0,6,C011_lin_re_p_x_q_1,linear,0.62185687989819,False
25,0.1,17,C010_lin_r_v_z_0,7,C019_lin_b_c_m_9,linear,0.618986198207782,False
25,0.1,17,C010_lin_r_v_z_0,8,C018_poly_s_p_c_8,polynomial,0.5745986975240426,False
25,0.1,17,C010_lin_r_v_z_0,9,C005_area_circle,geometry,0.5601441624079516,False
25,0.1,17,C010_lin_r_v_z_0,10,C023_ratio_c_z_s_13,ratio,0.5514074797509226,False
25,0.1,18,C004_force,1,C004_force,physics,1.0,True
25,0.1,18,C004_force,2,C017_phys_a_t_7,physics,0.8227997704451581,False
25,0.1,18,C004_force,3,C011_lin_re_p_x_q_1,linear,0.66525522989425,False
25,0.1,18,C004_force,4,C010_lin_r_v_z_0,linear,0.635745340115069,False
25,0.1,18,C004_force,5,C019_lin_b_c_m_9,linear,0.5891663176127616,False
25,0.1,18,C004_force,6,C014_ratio_q_d_F_4,ratio,0.5866550517889952,False
25,0.1,18,C004_force,7,C020_lin_re_E_t_F_10,linear,0.5596136313904725,False
25,0.1,18,C004_force,8,C003_energy,physics,0.550797012523046,False
25,0.1,18,C004_force,9,C023_ratio_c_z_s_13,ratio,0.5049858706959777,False
25,0.1,18,C004_force,10,C016_area_p_6,geometry,0.5022105522577763,False
25,0.1,19,C019_lin_b_c_m_9,1,C019_lin_b_c_m_9,linear,0.9999999999999999,True
25,0.1,19,C019_lin_b_c_m_9,2,C023_ratio_c_z_s_13,ratio,0.7100284561612779,False
25,0.1,19,C019_lin_b_c_m_9,3,C014_ratio_q_d_F_4,ratio,0.6529017683771433,False
25,0.1,19,C019_lin_b_c_m_9,4,C020_lin_re_E_t_F_10,linear,0.6269343355576047,False
25,0.1,19,C019_lin_b_c_m_9,5,C010_lin_r_v_z_0,linear,0.618986198207782,False
25,0.1,19,C019_lin_b_c_m_9,6,C012_solve_z_8_9_2,simple_solve,0.618159089895011,False
25,0.1,19,C019_lin_b_c_m_9,7,C004_force,physics,0.5891663176127616,False
25,0.1,19,C019_lin_b_c_m_9,8,C003_energy,physics,0.5672889611302904,False
25,0.1,19,C019_lin_b_c_m_9,9,C021_solve_E_7_7_11,simple_solve,0.5662466726676226,False
25,0.1,19,C019_lin_b_c_m_9,10,C018_poly_s_p_c_8,polynomial,0.5382222182734832,False
25,0.1,20,C008_division_zero,1,C008_division_zero,omega,0.9999999999999999,True
25,0.1,20,C008_division_zero,2,C006_derivative_square,calculus,0.5238243229051939,False
25,0.1,20,C008_division_zero,3,C012_solve_z_8_9_2,simple_solve,0.5206290718505546,False
25,0.1,20,C008_division_zero,4,C021_solve_E_7_7_11,simple_solve,0.5032399556541846,False
25,0.1,20,C008_division_zero,5,C001_pythagorean,metric,0.49435680971147444,False
25,0.1,20,C008_division_zero,6,C023_ratio_c_z_s_13,ratio,0.49193068039547894,False
25,0.1,20,C008_division_zero,7,C003_energy,physics,0.48653409390270014,False
25,0.1,20,C008_division_zero,8,C018_poly_s_p_c_8,polynomial,0.47956363253854223,False
25,0.1,20,C008_division_zero,9,C007_integral_x,calculus,0.47953319571999714,False
25,0.1,20,C008_division_zero,10,C025_area_y_15,geometry,0.47240012703595907,False
25,0.1,21,C017_phys_a_t_7,1,C017_phys_a_t_7,physics,1.0,True
25,0.1,21,C017_phys_a_t_7,2,C004_force,physics,0.8227997704451581,False
25,0.1,21,C017_phys_a_t_7,3,C010_lin_r_v_z_0,linear,0.651765944875028,False
25,0.1,21,C017_phys_a_t_7,4,C011_lin_re_p_x_q_1,linear,0.6517064462002058,False
25,0.1,21,C017_phys_a_t_7,5,C020_lin_re_E_t_F_10,linear,0.6231648511046326,False
25,0.1,21,C017_phys_a_t_7,6,C003_energy,physics,0.5906420803508654,False
25,0.1,21,C017_phys_a_t_7,7,C005_area_circle,geometry,0.5837039155531252,False
25,0.1,21,C017_phys_a_t_7,8,C016_area_p_6,geometry,0.5828973093112805,False
25,0.1,21,C017_phys_a_t_7,9,C025_area_y_15,geometry,0.5822593511027969,False
25,0.1,21,C017_phys_a_t_7,10,C021_solve_E_7_7_11,simple_solve,0.5716335028585223,False
25,0.1,22,C003_energy,1,C003_energy,physics,0.9999999999999999,True
25,0.1,22,C003_energy,2,C005_area_circle,geometry,0.773177699449356,False
25,0.1,22,C003_energy,3,C025_area_y_15,geometry,0.7704263582209939,False
25,0.1,22,C003_energy,4,C016_area_p_6,geometry,0.769282266558087,False
25,0.1,22,C003_energy,5,C022_pow2_b_m_a_12,power,0.7363308139022826,False
25,0.1,22,C003_energy,6,C001_pythagorean,metric,0.7049771347631205,False
25,0.1,22,C003_energy,7,C024_root_z_c_d_14,root,0.6941590180885594,False
25,0.1,22,C003_energy,8,C018_poly_s_p_c_8,polynomial,0.6682563414316155,False
25,0.1,22,C003_energy,9,C013_pow2_p_r_x_3,power,0.6654416735800518,False
25,0.1,22,C003_energy,10,C015_root_F_E_v_5,root,0.6534146075094937,False
25,0.1,23,C020_lin_re_E_t_F_10,1,C020_lin_re_E_t_F_10,linear,0.880987272478232,True
25,0.1,23,C020_lin_re_E_t_F_10,2,C014_ratio_q_d_F_4,ratio,0.6206697625764203,False
25,0.1,23,C020_lin_re_E_t_F_10,3,C011_lin_re_p_x_q_1,linear,0.5943516157047889,False
25,0.1,23,C020_lin_re_E_t_F_10,4,C023_ratio_c_z_s_13,ratio,0.5930159540220312,False
25,0.1,23,C020_lin_re_E_t_F_10,5,C019_lin_b_c_m_9,linear,0.5852647640759807,False
25,0.1,23,C020_lin_re_E_t_F_10,6,C004_force,physics,0.5313182551254128,False
25,0.1,23,C020_lin_re_E_t_F_10,7,C003_energy,physics,0.5310351676945221,False
25,0.1,23,C020_lin_re_E_t_F_10,8,C017_phys_a_t_7,physics,0.511762958168446,False
25,0.1,23,C020_lin_re_E_t_F_10,9,C007_integral_x,calculus,0.4707599634997757,False
25,0.1,23,C020_lin_re_E_t_F_10,10,C021_solve_E_7_7_11,simple_solve,0.45883428158801176,False
25,0.25,0,C022_pow2_b_m_a_12,1,C022_pow2_b_m_a_12,power,0.8041937572868976,True
25,0.25,0,C022_pow2_b_m_a_12,2,C013_pow2_p_r_x_3,power,0.7139562059379624,False
25,0.25,0,C022_pow2_b_m_a_12,3,C001_pythagorean,metric,0.6889451949149051,False
25,0.25,0,C022_pow2_b_m_a_12,4,C015_root_F_E_v_5,root,0.6370439770683135,False
25,0.25,0,C022_pow2_b_m_a_12,5,C007_integral_x,calculus,0.6306597418804325,False
25,0.25,0,C022_pow2_b_m_a_12,6,C002_circle_center,metric,0.6248807927631906,False
25,0.25,0,C022_pow2_b_m_a_12,7,C019_lin_b_c_m_9,linear,0.6188876295491116,False
25,0.25,0,C022_pow2_b_m_a_12,8,C018_poly_s_p_c_8,polynomial,0.5889388042942274,False
25,0.25,0,C022_pow2_b_m_a_12,9,C003_energy,physics,0.5793933010393044,False
25,0.25,0,C022_pow2_b_m_a_12,10,C024_root_z_c_d_14,root,0.5557683702403123,False
25,0.25,1,C011_lin_re_p_x_q_1,1,C011_lin_re_p_x_q_1,linear,0.8417084239512195,True
25,0.25,1,C011_lin_re_p_x_q_1,2,C004_force,physics,0.6118932475022691,False
25,0.25,1,C011_lin_re_p_x_q_1,3,C020_lin_re_E_t_F_10,linear,0.6101607376287218,False
25,0.25,1,C011_lin_re_p_x_q_1,4,C010_lin_r_v_z_0,linear,0.5473459841863119,False
25,0.25,1,C011_lin_re_p_x_q_1,5,C017_phys_a_t_7,physics,0.5458206745128049,False
25,0.25,1,C011_lin_re_p_x_q_1,6,C014_ratio_q_d_F_4,ratio,0.5219229367259774,False
25,0.25,1,C011_lin_re_p_x_q_1,7,C019_lin_b_c_m_9,linear,0.4812027794823536,False
25,0.25,1,C011_lin_re_p_x_q_1,8,C023_ratio_c_z_s_13,ratio,0.4692180965764643,False
25,0.25,1,C011_lin_re_p_x_q_1,9,C016_area_p_6,geometry,0.46067974653328897,False
25,0.25,1,C011_lin_re_p_x_q_1,10,C002_circle_center,metric,0.4582792398777909,False
25,0.25,2,C016_area_p_6,1,C016_area_p_6,geometry,0.8919919903296828,True
25,0.25,2,C016_area_p_6,2,C005_area_circle,geometry,0.8872229519352203,False
25,0.25,2,C016_area_p_6,3,C025_area_y_15,geometry,0.8831124029029053,False
25,0.25,2,C016_area_p_6,4,C003_energy,physics,0.7208857255851524,False
25,0.25,2,C016_area_p_6,5,C022_pow2_b_m_a_12,power,0.6409235361788458,False
25,0.25,2,C016_area_p_6,6,C001_pythagorean,metric,0.6322333930712929,False
25,0.25,2,C016_area_p_6,7,C013_pow2_p_r_x_3,power,0.6253717016095963,False
25,0.25,2,C016_area_p_6,8,C024_root_z_c_d_14,root,0.6113945492374301,False
25,0.25,2,C016_area_p_6,9,C015_root_F_E_v_5,root,0.6002876424745367,False
25,0.25,2,C016_area_p_6,10,C007_integral_x,calculus,0.5794492721679634,False
25,0.25,3,C007_integral_x,1,C007_integral_x,calculus,0.6409496349233403,True
25,0.25,3,C007_integral_x,2,C023_ratio_c_z_s_13,ratio,0.6366222192597906,False
25,0.25,3,C007_integral_x,3,C014_ratio_q_d_F_4,ratio,0.5810822933645101,False
25,0.25,3,C007_integral_x,4,C019_lin_b_c_m_9,linear,0.5589957081142994,False
25,0.25,3,C007_integral_x,5,C020_lin_re_E_t_F_10,linear,0.5576080885131147,False
25,0.25,3,C007_integral_x,6,C006_derivative_square,calculus,0.5273813360556793,False
25,0.25,3,C007_integral_x,7,C003_energy,physics,0.4772498384102518,False
25,0.25,3,C007_integral_x,8,C012_solve_z_8_9_2,simple_solve,0.4567942630135445,False
25,0.25,3,C007_integral_x,9,C002_circle_center,metric,0.4555836727063036,False
25,0.25,3,C007_integral_x,10,C008_division_zero,omega,0.4546914826741108,False
25,0.25,4,C014_ratio_q_d_F_4,1,C014_ratio_q_d_F_4,ratio,0.7355455033300096,True
25,0.25,4,C014_ratio_q_d_F_4,2,C023_ratio_c_z_s_13,ratio,0.6684105612918423,False
25,0.25,4,C014_ratio_q_d_F_4,3,C008_division_zero,omega,0.6100044977498531,False
25,0.25,4,C014_ratio_q_d_F_4,4,C017_phys_a_t_7,physics,0.6026842333725052,False
25,0.25,4,C014_ratio_q_d_F_4,5,C020_lin_re_E_t_F_10,linear,0.590516574903031,False
25,0.25,4,C014_ratio_q_d_F_4,6,C012_solve_z_8_9_2,simple_solve,0.5606972182417426,False
25,0.25,4,C014_ratio_q_d_F_4,7,C021_solve_E_7_7_11,simple_solve,0.5493840222160814,False
25,0.25,4,C014_ratio_q_d_F_4,8,C010_lin_r_v_z_0,linear,0.5485831628321127,False
25,0.25,4,C014_ratio_q_d_F_4,9,C003_energy,physics,0.5405019540873917,False
25,0.25,4,C014_ratio_q_d_F_4,10,C019_lin_b_c_m_9,linear,0.5238745306271724,False
25,0.25,5,C020_lin_re_E_t_F_10,1,C020_lin_re_E_t_F_10,linear,0.7938871757299433,True
25,0.25,5,C020_lin_re_E_t_F_10,2,C011_lin_re_p_x_q_1,linear,0.6215151485885946,False
25,0.25,5,C020_lin_re_E_t_F_10,3,C017_phys_a_t_7,physics,0.597291698590056,False
25,0.25,5,C020_lin_re_E_t_F_10,4,C014_ratio_q_d_F_4,ratio,0.582440980801413,False
25,0.25,5,C020_lin_re_E_t_F_10,5,C003_energy,physics,0.5657780218264261,False
25,0.25,5,C020_lin_re_E_t_F_10,6,C023_ratio_c_z_s_13,ratio,0.5484483696272453,False
25,0.25,5,C020_lin_re_E_t_F_10,7,C012_solve_z_8_9_2,simple_solve,0.531033011702639,False
25,0.25,5,C020_lin_re_E_t_F_10,8,C004_force,physics,0.5233926316524435,False
25,0.25,5,C020_lin_re_E_t_F_10,9,C019_lin_b_c_m_9,linear,0.5185788709658524,False
25,0.25,5,C020_lin_re_E_t_F_10,10,C016_area_p_6,geometry,0.5177815596239898,False
25,0.25,6,C004_force,1,C004_force,physics,0.8583178118267962,True
25,0.25,6,C004_force,2,C017_phys_a_t_7,physics,0.7590048945695007,False
25,0.25,6,C004_force,3,C011_lin_re_p_x_q_1,linear,0.6005495439540303,False
25,0.25,6,C004_force,4,C014_ratio_q_d_F_4,ratio,0.5777446793815253,False
25,0.25,6,C004_force,5,C010_lin_r_v_z_0,linear,0.5608791983470832,False
25,0.25,6,C004_force,6,C020_lin_re_E_t_F_10,linear,0.5567334422936836,False
25,0.25,6,C004_force,7,C019_lin_b_c_m_9,linear,0.5249993267142835,False
25,0.25,6,C004_force,8,C023_ratio_c_z_s_13,ratio,0.4981904091309966,False
25,0.25,6,C004_force,9,C007_integral_x,calculus,0.46660232147889996,False
25,0.25,6,C004_force,10,C002_circle_center,metric,0.4502806048031864,False
25,0.25,7,C015_root_F_E_v_5,1,C015_root_F_E_v_5,root,0.8682406374266238,True
25,0.25,7,C015_root_F_E_v_5,2,C024_root_z_c_d_14,root,0.7924142900160098,False
25,0.25,7,C015_root_F_E_v_5,3,C022_pow2_b_m_a_12,power,0.6655361823150813,False
25,0.25,7,C015_root_F_E_v_5,4,C001_pythagorean,metric,0.6615020730014842,False
25,0.25,7,C015_root_F_E_v_5,5,C018_poly_s_p_c_8,polynomial,0.6446097305222886,False
25,0.25,7,C015_root_F_E_v_5,6,C013_pow2_p_r_x_3,power,0.6354197930933393,False
25,0.25,7,C015_root_F_E_v_5,7,C003_energy,physics,0.6209707394872008,False
25,0.25,7,C015_root_F_E_v_5,8,C005_area_circle,geometry,0.6045838343567531,False
25,0.25,7,C015_root_F_E_v_5,9,C016_area_p_6,geometry,0.6041106035968719,False
25,0.25,7,C015_root_F_E_v_5,10,C025_area_y_15,geometry,0.6023030952647597,False
25,0.25,8,C006_derivative_square,1,C006_derivative_square,calculus,0.7215612056710347,True
25,0.25,8,C006_derivative_square,2,C007_integral_x,calculus,0.6729033039354304,False
25,0.25,8,C006_derivative_square,3,C002_circle_center,metric,0.5808367599170187,False
25,0.25,8,C006_derivative_square,4,C013_pow2_p_r_x_3,power,0.5609538834373783,False
25,0.25,8,C006_derivative_square,5,C019_lin_b_c_m_9,linear,0.5333792744051342,False
25,0.25,8,C006_derivative_square,6,C014_ratio_q_d_F_4,ratio,0.5318725213404277,False
25,0.25,8,C006_derivative_square,7,C023_ratio_c_z_s_13,ratio,0.521741801051821,False
25,0.25,8,C006_derivative_square,8,C001_pythagorean,metric,0.5185043792818178,False
25,0.25,8,C006_derivative_square,9,C020_lin_re_E_t_F_10,linear,0.5158341145914245,False
25,0.25,8,C006_derivative_square,10,C015_root_F_E_v_5,root,0.5123827461256921,False
25,0.25,9,C008_division_zero,1,C008_division_zero,omega,0.9999999999999999,True
25,0.25,9,C008_division_zero,2,C006_derivative_square,calculus,0.5238243229051939,False
25,0.25,9,C008_division_zero,3,C012_solve_z_8_9_2,simple_solve,0.5206290718505546,False
25,0.25,9,C008_division_zero,4,C021_solve_E_7_7_11,simple_solve,0.5032399556541846,False
25,0.25,9,C008_division_zero,5,C001_pythagorean,metric,0.49435680971147444,False
25,0.25,9,C008_division_zero,6,C023_ratio_c_z_s_13,ratio,0.49193068039547894,False
25,0.25,9,C008_division_zero,7,C003_energy,physics,0.48653409390270014,False
25,0.25,9,C008_division_zero,8,C018_poly_s_p_c_8,polynomial,0.47956363253854223,False
25,0.25,9,C008_division_zero,9,C007_integral_x,calculus,0.47953319571999714,False
25,0.25,9,C008_division_zero,10,C025_area_y_15,geometry,0.47240012703595907,False
25,0.25,10,C025_area_y_15,1,C025_area_y_15,geometry,1.0,True
25,0.25,10,C025_area_y_15,2,C005_area_circle,geometry,0.9263411736689761,False
25,0.25,10,C025_area_y_15,3,C016_area_p_6,geometry,0.9132440771643474,False
25,0.25,10,C025_area_y_15,4,C003_energy,physics,0.7704263582209939,False
25,0.25,10,C025_area_y_15,5,C001_pythagorean,metric,0.709651075864815,False
25,0.25,10,C025_area_y_15,6,C022_pow2_b_m_a_12,power,0.6888241681818669,False
25,0.25,10,C025_area_y_15,7,C024_root_z_c_d_14,root,0.6734204645757892,False
25,0.25,10,C025_area_y_15,8,C013_pow2_p_r_x_3,power,0.6550450424032859,False
25,0.25,10,C025_area_y_15,9,C006_derivative_square,calculus,0.6414400187377469,False
25,0.25,10,C025_area_y_15,10,C015_root_F_E_v_5,root,0.6212130033345149,False
25,0.25,11,C018_poly_s_p_c_8,1,C018_poly_s_p_c_8,polynomial,0.909253331726182,True
25,0.25,11,C018_poly_s_p_c_8,2,C022_pow2_b_m_a_12,power,0.6942166210636396,False
25,0.25,11,C018_poly_s_p_c_8,3,C001_pythagorean,metric,0.6903017678933964,False
25,0.25,11,C018_poly_s_p_c_8,4,C013_pow2_p_r_x_3,power,0.6748112326172182,False
25,0.25,11,C018_poly_s_p_c_8,5,C024_root_z_c_d_14,root,0.6512944782939044,False
25,0.25,11,C018_poly_s_p_c_8,6,C003_energy,physics,0.6225007452590613,False
25,0.25,11,C018_poly_s_p_c_8,7,C015_root_F_E_v_5,root,0.6204439608312101,False
25,0.25,11,C018_poly_s_p_c_8,8,C006_derivative_square,calculus,0.5852765051255348,False
25,0.25,11,C018_poly_s_p_c_8,9,C021_solve_E_7_7_11,simple_solve,0.5820226605829782,False
25,0.25,11,C018_poly_s_p_c_8,10,C016_area_p_6,geometry,0.5712638384141373,False
25,0.25,12,C012_solve_z_8_9_2,1,C012_solve_z_8_9_2,simple_solve,0.7015704231026284,True
25,0.25,12,C012_solve_z_8_9_2,2,C019_lin_b_c_m_9,linear,0.6993192564414519,False
25,0.25,12,C012_solve_z_8_9_2,3,C010_lin_r_v_z_0,linear,0.6267911043909938,False
25,0.25,12,C012_solve_z_8_9_2,4,C023_ratio_c_z_s_13,ratio,0.6072410753350606,False
25,0.25,12,C012_solve_z_8_9_2,5,C014_ratio_q_d_F_4,ratio,0.5710681284178167,False
25,0.25,12,C012_solve_z_8_9_2,6,C021_solve_E_7_7_11,simple_solve,0.5444216442817074,False
25,0.25,12,C012_solve_z_8_9_2,7,C004_force,physics,0.523894901112178,False
25,0.25,12,C012_solve_z_8_9_2,8,C020_lin_re_E_t_F_10,linear,0.5212601567969369,False
25,0.25,12,C012_solve_z_8_9_2,9,C002_circle_center,metric,0.4893795691795245,False
25,0.25,12,C012_solve_z_8_9_2,10,C007_integral_x,calculus,0.48690976310751927,False
25,0.25,13,C005_area_circle,1,C005_area_circle,geometry,1.0,True
25,0.25,13,C005_area_circle,2,C025_area_y_15,geometry,0.9263411736689761,False
25,0.25,13,C005_area_circle,3,C016_area_p_6,geometry,0.9189133309818142,False
25,0.25,13,C005_area_circle,4,C003_energy,physics,0.773177699449356,False
25,0.25,13,C005_area_circle,5,C001_pythagorean,metric,0.7202676245786498,False
25,0.25,13,C005_area_circle,6,C022_pow2_b_m_a_12,power,0.692272394210906,False
25,0.25,13,C005_area_circle,7,C013_pow2_p_r_x_3,power,0.6918841600463548,False
25,0.25,13,C005_area_circle,8,C024_root_z_c_d_14,root,0.6715666210866008,False
25,0.25,13,C005_area_circle,9,C006_derivative_square,calculus,0.6336298277508722,False
25,0.25,13,C005_area_circle,10,C015_root_F_E_v_5,root,0.6320768564347552,False
25,0.25,14,C021_solve_E_7_7_11,1,C021_solve_E_7_7_11,simple_solve,1.0,True
25,0.25,14,C021_solve_E_7_7_11,2,C012_solve_z_8_9_2,simple_solve,0.7554565795433665,False
25,0.25,14,C021_solve_E_7_7_11,3,C010_lin_r_v_z_0,linear,0.6623283351027781,False
25,0.25,14,C021_solve_E_7_7_11,4,C018_poly_s_p_c_8,polynomial,0.6310323392709671,False
25,0.25,14,C021_solve_E_7_7_11,5,C003_energy,physics,0.6301607520271374,False
25,0.25,14,C021_solve_E_7_7_11,6,C022_pow2_b_m_a_12,power,0.6271399504016187,False
25,0.25,14,C021_solve_E_7_7_11,7,C001_pythagorean,metric,0.6153668253538626,False
25,0.25,14,C021_solve_E_7_7_11,8,C013_pow2_p_r_x_3,power,0.5936269584998256,False
25,0.25,14,C021_solve_E_7_7_11,9,C005_area_circle,geometry,0.5847877229300112,False
25,0.25,14,C021_solve_E_7_7_11,10,C025_area_y_15,geometry,0.5835428097588168,False
25,0.25,15,C013_pow2_p_r_x_3,1,C013_pow2_p_r_x_3,power,0.9027392935560534,True
25,0.25,15,C013_pow2_p_r_x_3,2,C001_pythagorean,metric,0.8079667139027048,False
25,0.25,15,C013_pow2_p_r_x_3,3,C022_pow2_b_m_a_12,power,0.7854275664814909,False
25,0.25,15,C013_pow2_p_r_x_3,4,C018_poly_s_p_c_8,polynomial,0.7017377832042136,False
25,0.25,15,C013_pow2_p_r_x_3,5,C015_root_F_E_v_5,root,0.6961145890786969,False
25,0.25,15,C013_pow2_p_r_x_3,6,C007_integral_x,calculus,0.6749548886005081,False
25,0.25,15,C013_pow2_p_r_x_3,7,C016_area_p_6,geometry,0.661047067352695,False
25,0.25,15,C013_pow2_p_r_x_3,8,C024_root_z_c_d_14,root,0.6421288011211925,False
25,0.25,15,C013_pow2_p_r_x_3,9,C005_area_circle,geometry,0.6153997457562885,False
25,0.25,15,C013_pow2_p_r_x_3,10,C003_energy,physics,0.6122758851936452,False
25,0.25,16,C003_energy,1,C003_energy,physics,0.8282658682620813,True
25,0.25,16,C003_energy,2,C016_area_p_6,geometry,0.7521555849209206,False
25,0.25,16,C003_energy,3,C005_area_circle,geometry,0.747924558423399,False
25,0.25,16,C003_energy,4,C025_area_y_15,geometry,0.7434187055480096,False
25,0.25,16,C003_energy,5,C022_pow2_b_m_a_12,power,0.7017596383905322,False
25,0.25,16,C003_energy,6,C001_pythagorean,metric,0.653173540542242,False
25,0.25,16,C003_energy,7,C013_pow2_p_r_x_3,power,0.6486779238724858,False
25,0.25,16,C003_energy,8,C024_root_z_c_d_14,root,0.613419447676795,False
25,0.25,16,C003_energy,9,C015_root_F_E_v_5,root,0.610133063857282,False
25,0.25,16,C003_energy,10,C018_poly_s_p_c_8,polynomial,0.6052822735141824,False
25,0.25,17,C017_phys_a_t_7,1,C004_force,physics,0.6496240505651527,False
25,0.25,17,C017_phys_a_t_7,2,C020_lin_re_E_t_F_10,linear,0.5894944015824279,False
25,0.25,17,C017_phys_a_t_7,3,C019_lin_b_c_m_9,linear,0.5812261527926466,False
25,0.25,17,C017_phys_a_t_7,4,C014_ratio_q_d_F_4,ratio,0.5689887700385596,False
25,0.25,17,C017_phys_a_t_7,5,C023_ratio_c_z_s_13,ratio,0.5674835386832573,False
25,0.25,17,C017_phys_a_t_7,6,C017_phys_a_t_7,physics,0.5603072236510837,True
25,0.25,17,C017_phys_a_t_7,7,C011_lin_re_p_x_q_1,linear,0.5592836370355061,False
25,0.25,17,C017_phys_a_t_7,8,C010_lin_r_v_z_0,linear,0.5054711870504636,False
25,0.25,17,C017_phys_a_t_7,9,C007_integral_x,calculus,0.46846727800336163,False
25,0.25,17,C017_phys_a_t_7,10,C002_circle_center,metric,0.4380815836823231,False
25,0.25,18,C024_root_z_c_d_14,1,C024_root_z_c_d_14,root,0.8374127061038472,True
25,0.25,18,C024_root_z_c_d_14,2,C015_root_F_E_v_5,root,0.6846811812838496,False
25,0.25,18,C024_root_z_c_d_14,3,C001_pythagorean,metric,0.624338483371333,False
25,0.25,18,C024_root_z_c_d_14,4,C022_pow2_b_m_a_12,power,0.6163923880122355,False
25,0.25,18,C024_root_z_c_d_14,5,C018_poly_s_p_c_8,polynomial,0.6068289011430247,False
25,0.25,18,C024_root_z_c_d_14,6,C003_energy,physics,0.5725373395924713,False
25,0.25,18,C024_root_z_c_d_14,7,C006_derivative_square,calculus,0.569831426518009,False
25,0.25,18,C024_root_z_c_d_14,8,C025_area_y_15,geometry,0.5612535315845788,False
25,0.25,18,C024_root_z_c_d_14,9,C013_pow2_p_r_x_3,power,0.560024171538777,False
25,0.25,18,C024_root_z_c_d_14,10,C005_area_circle,geometry,0.5596668989715675,False
25,0.25,19,C002_circle_center,1,C002_circle_center,metric,0.9164725528835258,True
25,0.25,19,C002_circle_center,2,C013_pow2_p_r_x_3,power,0.5354244101519342,False
25,0.25,19,C002_circle_center,3,C001_pythagorean,metric,0.5223914736773044,False
25,0.25,19,C002_circle_center,4,C015_root_F_E_v_5,root,0.5116546614511363,False
25,0.25,19,C002_circle_center,5,C007_integral_x,calculus,0.5024509656872062,False
25,0.25,19,C002_circle_center,6,C022_pow2_b_m_a_12,power,0.48908389563454047,False
25,0.25,19,C002_circle_center,7,C024_root_z_c_d_14,root,0.47776150336197026,False
25,0.25,19,C002_circle_center,8,C006_derivative_square,calculus,0.4530496431969724,False
25,0.25,19,C002_circle_center,9,C019_lin_b_c_m_9,linear,0.4411621219827403,False
25,0.25,19,C002_circle_center,10,C011_lin_re_p_x_q_1,linear,0.44105419633244214,False
25,0.25,20,C001_pythagorean,1,C001_pythagorean,metric,0.8607538153463669,True
25,0.25,20,C001_pythagorean,2,C013_pow2_p_r_x_3,power,0.850711575425951,False
25,0.25,20,C001_pythagorean,3,C007_integral_x,calculus,0.7509436812480825,False
25,0.25,20,C001_pythagorean,4,C022_pow2_b_m_a_12,power,0.7252440491475891,False
25,0.25,20,C001_pythagorean,5,C002_circle_center,metric,0.7236775040971388,False
25,0.25,20,C001_pythagorean,6,C015_root_F_E_v_5,root,0.7042578571876003,False
25,0.25,20,C001_pythagorean,7,C018_poly_s_p_c_8,polynomial,0.6334053228130868,False
25,0.25,20,C001_pythagorean,8,C024_root_z_c_d_14,root,0.5952383198849015,False
25,0.25,20,C001_pythagorean,9,C003_energy,physics,0.5937437135506983,False
25,0.25,20,C001_pythagorean,10,C005_area_circle,geometry,0.5910721229505715,False
25,0.25,21,C010_lin_r_v_z_0,1,C010_lin_r_v_z_0,linear,0.7649439851057765,True
25,0.25,21,C010_lin_r_v_z_0,2,C017_phys_a_t_7,physics,0.6642418715668111,False
25,0.25,21,C010_lin_r_v_z_0,3,C004_force,physics,0.6112096956345296,False
25,0.25,21,C010_lin_r_v_z_0,4,C011_lin_re_p_x_q_1,linear,0.5844787385479027,False
25,0.25,21,C010_lin_r_v_z_0,5,C005_area_circle,geometry,0.5710251152009679,False
25,0.25,21,C010_lin_r_v_z_0,6,C012_solve_z_8_9_2,simple_solve,0.5591043454445622,False
25,0.25,21,C010_lin_r_v_z_0,7,C021_solve_E_7_7_11,simple_solve,0.5476926244030097,False
25,0.25,21,C010_lin_r_v_z_0,8,C025_area_y_15,geometry,0.5324232560187403,False
25,0.25,21,C010_lin_r_v_z_0,9,C003_energy,physics,0.530751186790292,False
25,0.25,21,C010_lin_r_v_z_0,10,C023_ratio_c_z_s_13,ratio,0.528032629166566,False
25,0.25,22,C019_lin_b_c_m_9,1,C019_lin_b_c_m_9,linear,0.9999999999999999,True
25,0.25,22,C019_lin_b_c_m_9,2,C023_ratio_c_z_s_13,ratio,0.7100284561612779,False
25,0.25,22,C019_lin_b_c_m_9,3,C014_ratio_q_d_F_4,ratio,0.6529017683771433,False
25,0.25,22,C019_lin_b_c_m_9,4,C020_lin_re_E_t_F_10,linear,0.6269343355576047,False
25,0.25,22,C019_lin_b_c_m_9,5,C010_lin_r_v_z_0,linear,0.618986198207782,False
25,0.25,22,C019_lin_b_c_m_9,6,C012_solve_z_8_9_2,simple_solve,0.618159089895011,False
25,0.25,22,C019_lin_b_c_m_9,7,C004_force,physics,0.5891663176127616,False
25,0.25,22,C019_lin_b_c_m_9,8,C003_energy,physics,0.5672889611302904,False
25,0.25,22,C019_lin_b_c_m_9,9,C021_solve_E_7_7_11,simple_solve,0.5662466726676226,False
25,0.25,22,C019_lin_b_c_m_9,10,C018_poly_s_p_c_8,polynomial,0.5382222182734832,False
25,0.25,23,C023_ratio_c_z_s_13,1,C023_ratio_c_z_s_13,ratio,0.9999999999999999,True
25,0.25,23,C023_ratio_c_z_s_13,2,C014_ratio_q_d_F_4,ratio,0.754833202634644,False
25,0.25,23,C023_ratio_c_z_s_13,3,C019_lin_b_c_m_9,linear,0.7100284561612779,False
25,0.25,23,C023_ratio_c_z_s_13,4,C020_lin_re_E_t_F_10,linear,0.6385100186188574,False
25,0.25,23,C023_ratio_c_z_s_13,5,C012_solve_z_8_9_2,simple_solve,0.5656376896758057,False
25,0.25,23,C023_ratio_c_z_s_13,6,C010_lin_r_v_z_0,linear,0.5514074797509226,False
25,0.25,23,C023_ratio_c_z_s_13,7,C007_integral_x,calculus,0.5446469287201801,False
25,0.25,23,C023_ratio_c_z_s_13,8,C003_energy,physics,0.5354994476754449,False
25,0.25,23,C023_ratio_c_z_s_13,9,C018_poly_s_p_c_8,polynomial,0.5057685840913709,False
25,0.25,23,C023_ratio_c_z_s_13,10,C004_force,physics,0.5049858706959777,False
25,0.4,0,C015_root_F_E_v_5,1,C015_root_F_E_v_5,root,0.8581527251896692,True
25,0.4,0,C015_root_F_E_v_5,2,C024_root_z_c_d_14,root,0.7943022788234468,False
25,0.4,0,C015_root_F_E_v_5,3,C022_pow2_b_m_a_12,power,0.673732976478148,False
25,0.4,0,C015_root_F_E_v_5,4,C001_pythagorean,metric,0.6677569321423737,False
25,0.4,0,C015_root_F_E_v_5,5,C013_pow2_p_r_x_3,power,0.6564418278587547,False
25,0.4,0,C015_root_F_E_v_5,6,C018_poly_s_p_c_8,polynomial,0.650925379747829,False
25,0.4,0,C015_root_F_E_v_5,7,C016_area_p_6,geometry,0.6129591473215493,False
25,0.4,0,C015_root_F_E_v_5,8,C005_area_circle,geometry,0.6081403257285011,False
25,0.4,0,C015_root_F_E_v_5,9,C025_area_y_15,geometry,0.6042054913752284,False
25,0.4,0,C015_root_F_E_v_5,10,C003_energy,physics,0.5979589416498859,False
25,0.4,1,C023_ratio_c_z_s_13,1,C023_ratio_c_z_s_13,ratio,0.7856252950373579,True
25,0.4,1,C023_ratio_c_z_s_13,2,C014_ratio_q_d_F_4,ratio,0.7448783169608859,False
25,0.4,1,C023_ratio_c_z_s_13,3,C019_lin_b_c_m_9,linear,0.609535364634505,False
25,0.4,1,C023_ratio_c_z_s_13,4,C007_integral_x,calculus,0.5658313428493746,False
25,0.4,1,C023_ratio_c_z_s_13,5,C020_lin_re_E_t_F_10,linear,0.5525083430740135,False
25,0.4,1,C023_ratio_c_z_s_13,6,C010_lin_r_v_z_0,linear,0.5392184016862352,False
25,0.4,1,C023_ratio_c_z_s_13,7,C004_force,physics,0.5308950128102142,False
25,0.4,1,C023_ratio_c_z_s_13,8,C011_lin_re_p_x_q_1,linear,0.5125309997532365,False
25,0.4,1,C023_ratio_c_z_s_13,9,C008_division_zero,omega,0.46940616223084797,False
25,0.4,1,C023_ratio_c_z_s_13,10,C012_solve_z_8_9_2,simple_solve,0.46600741932241585,False
25,0.4,2,C025_area_y_15,1,C025_area_y_15,geometry,0.8599070554692541,True
25,0.4,2,C025_area_y_15,2,C005_area_circle,geometry,0.7906844414872021,False
25,0.4,2,C025_area_y_15,3,C016_area_p_6,geometry,0.778071047290875,False
25,0.4,2,C025_area_y_15,4,C003_energy,physics,0.664037910844205,False
25,0.4,2,C025_area_y_15,5,C001_pythagorean,metric,0.5853635144823123,False
25,0.4,2,C025_area_y_15,6,C006_derivative_square,calculus,0.5768601668233506,False
25,0.4,2,C025_area_y_15,7,C024_root_z_c_d_14,root,0.5668199503820425,False
25,0.4,2,C025_area_y_15,8,C017_phys_a_t_7,physics,0.562702485518409,False
25,0.4,2,C025_area_y_15,9,C022_pow2_b_m_a_12,power,0.5617244614227004,False
25,0.4,2,C025_area_y_15,10,C018_poly_s_p_c_8,polynomial,0.5261936103069651,False
25,0.4,3,C013_pow2_p_r_x_3,1,C013_pow2_p_r_x_3,power,0.79490698809383,True
25,0.4,3,C013_pow2_p_r_x_3,2,C001_pythagorean,metric,0.7243135499468475,False
25,0.4,3,C013_pow2_p_r_x_3,3,C007_integral_x,calculus,0.6925530813991947,False
25,0.4,3,C013_pow2_p_r_x_3,4,C022_pow2_b_m_a_12,power,0.6851610620812412,False
25,0.4,3,C013_pow2_p_r_x_3,5,C015_root_F_E_v_5,root,0.6577539169521005,False
25,0.4,3,C013_pow2_p_r_x_3,6,C002_circle_center,metric,0.6340602818633984,False
25,0.4,3,C013_pow2_p_r_x_3,7,C018_poly_s_p_c_8,polynomial,0.5891258203408685,False
25,0.4,3,C013_pow2_p_r_x_3,8,C005_area_circle,geometry,0.5591987416003102,False
25,0.4,3,C013_pow2_p_r_x_3,9,C024_root_z_c_d_14,root,0.5474693727639216,False
25,0.4,3,C013_pow2_p_r_x_3,10,C016_area_p_6,geometry,0.5350218085839301,False
25,0.4,4,C005_area_circle,1,C005_area_circle,geometry,0.7831390000433015,True
25,0.4,4,C005_area_circle,2,C025_area_y_15,geometry,0.7192378501757425,False
25,0.4,4,C005_area_circle,3,C016_area_p_6,geometry,0.7062097478405578,False
25,0.4,4,C005_area_circle,4,C003_energy,physics,0.6210754044901677,False
25,0.4,4,C005_area_circle,5,C001_pythagorean,metric,0.583646223373935,False
25,0.4,4,C005_area_circle,6,C017_phys_a_t_7,physics,0.5733000603082199,False
25,0.4,4,C005_area_circle,7,C021_solve_E_7_7_11,simple_solve,0.5706800624541644,False
25,0.4,4,C005_area_circle,8,C024_root_z_c_d_14,root,0.5590486853274672,False
25,0.4,4,C005_area_circle,9,C006_derivative_square,calculus,0.5560110837829714,False
25,0.4,4,C005_area_circle,10,C022_pow2_b_m_a_12,power,0.5514651652156889,False
25,0.4,5,C018_poly_s_p_c_8,1,C018_poly_s_p_c_8,polynomial,0.8963065804132831,True
25,0.4,5,C018_poly_s_p_c_8,2,C013_pow2_p_r_x_3,power,0.7017067276197043,False
25,0.4,5,C018_poly_s_p_c_8,3,C022_pow2_b_m_a_12,power,0.6998741989322206,False
25,0.4,5,C018_poly_s_p_c_8,4,C001_pythagorean,metric,0.6944234364310986,False
25,0.4,5,C018_poly_s_p_c_8,5,C024_root_z_c_d_14,root,0.6467725162555327,False
25,0.4,5,C018_poly_s_p_c_8,6,C015_root_F_E_v_5,root,0.6232830081126421,False
25,0.4,5,C018_poly_s_p_c_8,7,C016_area_p_6,geometry,0.606961955123968,False
25,0.4,5,C018_poly_s_p_c_8,8,C006_derivative_square,calculus,0.5940752438991371,False
25,0.4,5,C018_poly_s_p_c_8,9,C003_energy,physics,0.5860275284203135,False
25,0.4,5,C018_poly_s_p_c_8,10,C021_solve_E_7_7_11,simple_solve,0.5857596658237363,False
25,0.4,6,C022_pow2_b_m_a_12,1,C022_pow2_b_m_a_12,power,0.8233262033355679,True
25,0.4,6,C022_pow2_b_m_a_12,2,C013_pow2_p_r_x_3,power,0.7802218529762925,False
25,0.4,6,C022_pow2_b_m_a_12,3,C001_pythagorean,metric,0.7325062260210573,False
25,0.4,6,C022_pow2_b_m_a_12,4,C015_root_F_E_v_5,root,0.6956391942286033,False
25,0.4,6,C022_pow2_b_m_a_12,5,C007_integral_x,calculus,0.6691424679862665,False
25,0.4,6,C022_pow2_b_m_a_12,6,C003_energy,physics,0.6445307668164737,False
25,0.4,6,C022_pow2_b_m_a_12,7,C018_poly_s_p_c_8,polynomial,0.6412600321649383,False
25,0.4,6,C022_pow2_b_m_a_12,8,C016_area_p_6,geometry,0.6103440823148245,False
25,0.4,6,C022_pow2_b_m_a_12,9,C024_root_z_c_d_14,root,0.6073494949313915,False
25,0.4,6,C022_pow2_b_m_a_12,10,C005_area_circle,geometry,0.588472829154653,False
25,0.4,7,C007_integral_x,1,C007_integral_x,calculus,0.8679386986143445,True
25,0.4,7,C007_integral_x,2,C013_pow2_p_r_x_3,power,0.650824716704896,False
25,0.4,7,C007_integral_x,3,C015_root_F_E_v_5,root,0.6370220739506846,False
25,0.4,7,C007_integral_x,4,C016_area_p_6,geometry,0.596146808296707,False
25,0.4,7,C007_integral_x,5,C022_pow2_b_m_a_12,power,0.584716475414199,False
25,0.4,7,C007_integral_x,6,C001_pythagorean,metric,0.5822558164094811,False
25,0.4,7,C007_integral_x,7,C014_ratio_q_d_F_4,ratio,0.5742003202178393,False
25,0.4,7,C007_integral_x,8,C005_area_circle,geometry,0.5671043462824363,False
25,0.4,7,C007_integral_x,9,C003_energy,physics,0.5670504693312082,False
25,0.4,7,C007_integral_x,10,C025_area_y_15,geometry,0.5557683985596669,False
25,0.4,8,C017_phys_a_t_7,1,C017_phys_a_t_7,physics,0.7138744197183339,True
25,0.4,8,C017_phys_a_t_7,2,C004_force,physics,0.6997841478961534,False
25,0.4,8,C017_phys_a_t_7,3,C020_lin_re_E_t_F_10,linear,0.6882887098593151,False
25,0.4,8,C017_phys_a_t_7,4,C014_ratio_q_d_F_4,ratio,0.5773396418422782,False
25,0.4,8,C017_phys_a_t_7,5,C019_lin_b_c_m_9,linear,0.5630805315740525,False
25,0.4,8,C017_phys_a_t_7,6,C023_ratio_c_z_s_13,ratio,0.5509064686604046,False
25,0.4,8,C017_phys_a_t_7,7,C011_lin_re_p_x_q_1,linear,0.5312344969216302,False
25,0.4,8,C017_phys_a_t_7,8,C010_lin_r_v_z_0,linear,0.5080354021259167,False
25,0.4,8,C017_phys_a_t_7,9,C002_circle_center,metric,0.4254758365203937,False
25,0.4,8,C017_phys_a_t_7,10,C007_integral_x,calculus,0.4235723503250522,False
25,0.4,9,C020_lin_re_E_t_F_10,1,C020_lin_re_E_t_F_10,linear,0.7920167599995727,True
25,0.4,9,C020_lin_re_E_t_F_10,2,C011_lin_re_p_x_q_1,linear,0.6532146413030543,False
25,0.4,9,C020_lin_re_E_t_F_10,3,C014_ratio_q_d_F_4,ratio,0.597613949644693,False
25,0.4,9,C020_lin_re_E_t_F_10,4,C017_phys_a_t_7,physics,0.5674918190959701,False
25,0.4,9,C020_lin_re_E_t_F_10,5,C019_lin_b_c_m_9,linear,0.5601112621402227,False
25,0.4,9,C020_lin_re_E_t_F_10,6,C023_ratio_c_z_s_13,ratio,0.5555309183626941,False
25,0.4,9,C020_lin_re_E_t_F_10,7,C004_force,physics,0.5226194957529782,False
25,0.4,9,C020_lin_re_E_t_F_10,8,C007_integral_x,calculus,0.5202351700574867,False
25,0.4,9,C020_lin_re_E_t_F_10,9,C003_energy,physics,0.47753813820123897,False
25,0.4,9,C020_lin_re_E_t_F_10,10,C016_area_p_6,geometry,0.45500687602986783,False
25,0.4,10,C016_area_p_6,1,C016_area_p_6,geometry,0.8019440264614773,True
25,0.4,10,C016_area_p_6,2,C005_area_circle,geometry,0.7332640936329328,False
25,0.4,10,C016_area_p_6,3,C025_area_y_15,geometry,0.7297531984733022,False
25,0.4,10,C016_area_p_6,4,C003_energy,physics,0.6587040217125251,False
25,0.4,10,C016_area_p_6,5,C013_pow2_p_r_x_3,power,0.5818028240469213,False
25,0.4,10,C016_area_p_6,6,C022_pow2_b_m_a_12,power,0.575569021181244,False
25,0.4,10,C016_area_p_6,7,C001_pythagorean,metric,0.5747571053583401,False
25,0.4,10,C016_area_p_6,8,C018_poly_s_p_c_8,polynomial,0.5695855213182632,False
25,0.4,10,C016_area_p_6,9,C024_root_z_c_d_14,root,0.5604002239355756,False
25,0.4,10,C016_area_p_6,10,C017_phys_a_t_7,physics,0.5569042319623658,False
25,0.4,11,C011_lin_re_p_x_q_1,1,C011_lin_re_p_x_q_1,linear,0.8417084239512195,True
25,0.4,11,C011_lin_re_p_x_q_1,2,C004_force,physics,0.6118932475022691,False
25,0.4,11,C011_lin_re_p_x_q_1,3,C020_lin_re_E_t_F_10,linear,0.6101607376287218,False
25,0.4,11,C011_lin_re_p_x_q_1,4,C010_lin_r_v_z_0,linear,0.5473459841863119,False
25,0.4,11,C011_lin_re_p_x_q_1,5,C017_phys_a_t_7,physics,0.5458206745128049,False
25,0.4,11,C011_lin_re_p_x_q_1,6,C014_ratio_q_d_F_4,ratio,0.5219229367259774,False
25,0.4,11,C011_lin_re_p_x_q_1,7,C019_lin_b_c_m_9,linear,0.4812027794823536,False
25,0.4,11,C011_lin_re_p_x_q_1,8,C023_ratio_c_z_s_13,ratio,0.4692180965764643,False
25,0.4,11,C011_lin_re_p_x_q_1,9,C016_area_p_6,geometry,0.46067974653328897,False
25,0.4,11,C011_lin_re_p_x_q_1,10,C002_circle_center,metric,0.4582792398777909,False
25,0.4,12,C002_circle_center,1,C002_circle_center,metric,0.8839428467691545,True
25,0.4,12,C002_circle_center,2,C013_pow2_p_r_x_3,power,0.5639377845425438,False
25,0.4,12,C002_circle_center,3,C015_root_F_E_v_5,root,0.5515109002814437,False
25,0.4,12,C002_circle_center,4,C007_integral_x,calculus,0.5454760823977001,False
25,0.4,12,C002_circle_center,5,C001_pythagorean,metric,0.5163198241169109,False
25,0.4,12,C002_circle_center,6,C022_pow2_b_m_a_12,power,0.4818784003706355,False
25,0.4,12,C002_circle_center,7,C024_root_z_c_d_14,root,0.47759337802681595,False
25,0.4,12,C002_circle_center,8,C019_lin_b_c_m_9,linear,0.44806583132574085,False
25,0.4,12,C002_circle_center,9,C011_lin_re_p_x_q_1,linear,0.44266476506331365,False
25,0.4,12,C002_circle_center,10,C006_derivative_square,calculus,0.4274298239116136,False
25,0.4,13,C006_derivative_square,1,C006_derivative_square,calculus,0.8925433846628081,True
25,0.4,13,C006_derivative_square,2,C025_area_y_15,geometry,0.5970863570151977,False
25,0.4,13,C006_derivative_square,3,C012_solve_z_8_9_2,simple_solve,0.5940479952061601,False
25,0.4,13,C006_derivative_square,4,C005_area_circle,geometry,0.5860813850820058,False
25,0.4,13,C006_derivative_square,5,C001_pythagorean,metric,0.5753106669505624,False
25,0.4,13,C006_derivative_square,6,C024_root_z_c_d_14,root,0.572217450942526,False
25,0.4,13,C006_derivative_square,7,C003_energy,physics,0.5629979057775596,False
25,0.4,13,C006_derivative_square,8,C016_area_p_6,geometry,0.5536738378881508,False
25,0.4,13,C006_derivative_square,9,C018_poly_s_p_c_8,polynomial,0.5505136844458415,False
25,0.4,13,C006_derivative_square,10,C021_solve_E_7_7_11,simple_solve,0.5469370898553456,False
25,0.4,14,C021_solve_E_7_7_11,1,C019_lin_b_c_m_9,linear,0.675524177162765,False
25,0.4,14,C021_solve_E_7_7_11,2,C021_solve_E_7_7_11,simple_solve,0.6696527530755078,True
25,0.4,14,C021_solve_E_7_7_11,3,C012_solve_z_8_9_2,simple_solve,0.5759739193530419,False
25,0.4,14,C021_solve_E_7_7_11,4,C010_lin_r_v_z_0,linear,0.5672158860729098,False
25,0.4,14,C021_solve_E_7_7_11,5,C002_circle_center,metric,0.547720468128819,False
25,0.4,14,C021_solve_E_7_7_11,6,C014_ratio_q_d_F_4,ratio,0.5429391893905925,False
25,0.4,14,C021_solve_E_7_7_11,7,C007_integral_x,calculus,0.5369139524313744,False
25,0.4,14,C021_solve_E_7_7_11,8,C023_ratio_c_z_s_13,ratio,0.534850679733971,False
25,0.4,14,C021_solve_E_7_7_11,9,C004_force,physics,0.5178212539458317,False
25,0.4,14,C021_solve_E_7_7_11,10,C020_lin_re_E_t_F_10,linear,0.4957535626782093,False
25,0.4,15,C003_energy,1,C003_energy,physics,0.8282658682620813,True
25,0.4,15,C003_energy,2,C016_area_p_6,geometry,0.7521555849209206,False
25,0.4,15,C003_energy,3,C005_area_circle,geometry,0.747924558423399,False
25,0.4,15,C003_energy,4,C025_area_y_15,geometry,0.7434187055480096,False
25,0.4,15,C003_energy,5,C022_pow2_b_m_a_12,power,0.7017596383905322,False
25,0.4,15,C003_energy,6,C001_pythagorean,metric,0.653173540542242,False
25,0.4,15,C003_energy,7,C013_pow2_p_r_x_3,power,0.6486779238724858,False
25,0.4,15,C003_energy,8,C024_root_z_c_d_14,root,0.613419447676795,False
25,0.4,15,C003_energy,9,C015_root_F_E_v_5,root,0.610133063857282,False
25,0.4,15,C003_energy,10,C018_poly_s_p_c_8,polynomial,0.6052822735141824,False
25,0.4,16,C010_lin_r_v_z_0,1,C010_lin_r_v_z_0,linear,0.8569927058539978,True
25,0.4,16,C010_lin_r_v_z_0,2,C019_lin_b_c_m_9,linear,0.6096697160192515,False
25,0.4,16,C010_lin_r_v_z_0,3,C004_force,physics,0.5972456796976561,False
25,0.4,16,C010_lin_r_v_z_0,4,C011_lin_re_p_x_q_1,linear,0.5631103532703557,False
25,0.4,16,C010_lin_r_v_z_0,5,C021_solve_E_7_7_11,simple_solve,0.5610877373017151,False
25,0.4,16,C010_lin_r_v_z_0,6,C017_phys_a_t_7,physics,0.5533595699510299,False
25,0.4,16,C010_lin_r_v_z_0,7,C012_solve_z_8_9_2,simple_solve,0.5416692625676602,False
25,0.4,16,C010_lin_r_v_z_0,8,C014_ratio_q_d_F_4,ratio,0.5006873623564019,False
25,0.4,16,C010_lin_r_v_z_0,9,C023_ratio_c_z_s_13,ratio,0.4973210326769528,False
25,0.4,16,C010_lin_r_v_z_0,10,C020_lin_re_E_t_F_10,linear,0.46142251938576345,False
25,0.4,17,C014_ratio_q_d_F_4,1,C014_ratio_q_d_F_4,ratio,0.9999999999999999,True
25,0.4,17,C014_ratio_q_d_F_4,2,C023_ratio_c_z_s_13,ratio,0.754833202634644,False
25,0.4,17,C014_ratio_q_d_F_4,3,C020_lin_re_E_t_F_10,linear,0.6565624384960244,False
25,0.4,17,C014_ratio_q_d_F_4,4,C019_lin_b_c_m_9,linear,0.6529017683771433,False
25,0.4,17,C014_ratio_q_d_F_4,5,C007_integral_x,calculus,0.6191720431304522,False
25,0.4,17,C014_ratio_q_d_F_4,6,C004_force,physics,0.5866550517889952,False
25,0.4,17,C014_ratio_q_d_F_4,7,C011_lin_re_p_x_q_1,linear,0.5769108343616707,False
25,0.4,17,C014_ratio_q_d_F_4,8,C017_phys_a_t_7,physics,0.5555177517588678,False
25,0.4,17,C014_ratio_q_d_F_4,9,C010_lin_r_v_z_0,linear,0.529075869541068,False
25,0.4,17,C014_ratio_q_d_F_4,10,C015_root_F_E_v_5,root,0.5181471731829584,False
25,0.4,18,C012_solve_z_8_9_2,1,C023_ratio_c_z_s_13,ratio,0.6124376286774991,False
25,0.4,18,C012_solve_z_8_9_2,2,C019_lin_b_c_m_9,linear,0.5841513193680201,False
25,0.4,18,C012_solve_z_8_9_2,3,C012_solve_z_8_9_2,simple_solve,0.5827954734328648,True
25,0.4,18,C012_solve_z_8_9_2,4,C004_force,physics,0.5777892500051011,False
25,0.4,18,C012_solve_z_8_9_2,5,C014_ratio_q_d_F_4,ratio,0.5661483511051009,False
25,0.4,18,C012_solve_z_8_9_2,6,C020_lin_re_E_t_F_10,linear,0.5303015896250233,False
25,0.4,18,C012_solve_z_8_9_2,7,C010_lin_r_v_z_0,linear,0.5106479193338396,False
25,0.4,18,C012_solve_z_8_9_2,8,C007_integral_x,calculus,0.5001407121466037,False
25,0.4,18,C012_solve_z_8_9_2,9,C011_lin_re_p_x_q_1,linear,0.4910426487655503,False
25,0.4,18,C012_solve_z_8_9_2,10,C017_phys_a_t_7,physics,0.48306725716501636,False
25,0.4,19,C004_force,1,C004_force,physics,1.0,True
25,0.4,19,C004_force,2,C017_phys_a_t_7,physics,0.8227997704451581,False
25,0.4,19,C004_force,3,C011_lin_re_p_x_q_1,linear,0.66525522989425,False
25,0.4,19,C004_force,4,C010_lin_r_v_z_0,linear,0.635745340115069,False
25,0.4,19,C004_force,5,C019_lin_b_c_m_9,linear,0.5891663176127616,False
25,0.4,19,C004_force,6,C014_ratio_q_d_F_4,ratio,0.5866550517889952,False
25,0.4,19,C004_force,7,C020_lin_re_E_t_F_10,linear,0.5596136313904725,False
25,0.4,19,C004_force,8,C003_energy,physics,0.550797012523046,False
25,0.4,19,C004_force,9,C023_ratio_c_z_s_13,ratio,0.5049858706959777,False
25,0.4,19,C004_force,10,C016_area_p_6,geometry,0.5022105522577763,False
25,0.4,20,C019_lin_b_c_m_9,1,C019_lin_b_c_m_9,linear,0.9999999999999999,True
25,0.4,20,C019_lin_b_c_m_9,2,C023_ratio_c_z_s_13,ratio,0.7100284561612779,False
25,0.4,20,C019_lin_b_c_m_9,3,C014_ratio_q_d_F_4,ratio,0.6529017683771433,False
25,0.4,20,C019_lin_b_c_m_9,4,C020_lin_re_E_t_F_10,linear,0.6269343355576047,False
25,0.4,20,C019_lin_b_c_m_9,5,C010_lin_r_v_z_0,linear,0.618986198207782,False
25,0.4,20,C019_lin_b_c_m_9,6,C012_solve_z_8_9_2,simple_solve,0.618159089895011,False
25,0.4,20,C019_lin_b_c_m_9,7,C004_force,physics,0.5891663176127616,False
25,0.4,20,C019_lin_b_c_m_9,8,C003_energy,physics,0.5672889611302904,False
25,0.4,20,C019_lin_b_c_m_9,9,C021_solve_E_7_7_11,simple_solve,0.5662466726676226,False
25,0.4,20,C019_lin_b_c_m_9,10,C018_poly_s_p_c_8,polynomial,0.5382222182734832,False
25,0.4,21,C008_division_zero,1,C008_division_zero,omega,0.7994413137317607,True
25,0.4,21,C008_division_zero,2,C014_ratio_q_d_F_4,ratio,0.5430359665360065,False
25,0.4,21,C008_division_zero,3,C007_integral_x,calculus,0.5308184844693028,False
25,0.4,21,C008_division_zero,4,C018_poly_s_p_c_8,polynomial,0.5094060512306469,False
25,0.4,21,C008_division_zero,5,C021_solve_E_7_7_11,simple_solve,0.5080756086141681,False
25,0.4,21,C008_division_zero,6,C016_area_p_6,geometry,0.49132171868189184,False
25,0.4,21,C008_division_zero,7,C023_ratio_c_z_s_13,ratio,0.49097535424195277,False
25,0.4,21,C008_division_zero,8,C003_energy,physics,0.487910571501183,False
25,0.4,21,C008_division_zero,9,C005_area_circle,geometry,0.48120143740194815,False
25,0.4,21,C008_division_zero,10,C013_pow2_p_r_x_3,power,0.4798091271348807,False
25,0.4,22,C001_pythagorean,1,C001_pythagorean,metric,0.8202070336574292,True
25,0.4,22,C001_pythagorean,2,C022_pow2_b_m_a_12,power,0.770051740894542,False
25,0.4,22,C001_pythagorean,3,C013_pow2_p_r_x_3,power,0.7657997980732315,False
25,0.4,22,C001_pythagorean,4,C006_derivative_square,calculus,0.7140140297583694,False
25,0.4,22,C001_pythagorean,5,C024_root_z_c_d_14,root,0.6939092786115083,False
25,0.4,22,C001_pythagorean,6,C018_poly_s_p_c_8,polynomial,0.6775298721405504,False
25,0.4,22,C001_pythagorean,7,C003_energy,physics,0.6720792125794207,False
25,0.4,22,C001_pythagorean,8,C005_area_circle,geometry,0.6629102069180243,False
25,0.4,22,C001_pythagorean,9,C025_area_y_15,geometry,0.6625034879900545,False
25,0.4,22,C001_pythagorean,10,C016_area_p_6,geometry,0.6549953334725432,False
25,0.4,23,C024_root_z_c_d_14,1,C015_root_F_E_v_5,root,0.828569924216876,False
25,0.4,23,C024_root_z_c_d_14,2,C024_root_z_c_d_14,root,0.7517331868912932,True
25,0.4,23,C024_root_z_c_d_14,3,C013_pow2_p_r_x_3,power,0.6844465763579222,False
25,0.4,23,C024_root_z_c_d_14,4,C007_integral_x,calculus,0.6511317508282841,False
25,0.4,23,C024_root_z_c_d_14,5,C022_pow2_b_m_a_12,power,0.6236573795639141,False
25,0.4,23,C024_root_z_c_d_14,6,C001_pythagorean,metric,0.6220078730786337,False
25,0.4,23,C024_root_z_c_d_14,7,C002_circle_center,metric,0.6083748488413433,False
25,0.4,23,C024_root_z_c_d_14,8,C018_poly_s_p_c_8,polynomial,0.5719178922507087,False
25,0.4,23,C024_root_z_c_d_14,9,C016_area_p_6,geometry,0.5610341286996876,False
25,0.4,23,C024_root_z_c_d_14,10,C005_area_circle,geometry,0.5336355686169428,False
50,0.0,0,C011_lin_re_p_x_q_1,1,C011_lin_re_p_x_q_1,linear,0.9999999999999999,True
50,0.0,0,C011_lin_re_p_x_q_1,2,C046_lin_re_F_d_t_37,linear,0.7788206610652748,False
50,0.0,0,C011_lin_re_p_x_q_1,3,C037_lin_re_A_E_t_28,linear,0.7701138540233161,False
50,0.0,0,C011_lin_re_p_x_q_1,4,C029_lin_re_x_q_A_19,linear,0.7273163760417537,False
50,0.0,0,C011_lin_re_p_x_q_1,5,C043_phys_a_x_34,physics,0.6813193116315295,False
50,0.0,0,C011_lin_re_p_x_q_1,6,C036_lin_p_v_z_27,linear,0.6786057783382607,False
50,0.0,0,C011_lin_re_p_x_q_1,7,C004_force,physics,0.66525522989425,False
50,0.0,0,C011_lin_re_p_x_q_1,8,C017_phys_a_t_7,physics,0.6517064462002058,False
50,0.0,0,C011_lin_re_p_x_q_1,9,C045_lin_y_q_d_36,linear,0.6428867156915627,False
50,0.0,0,C011_lin_re_p_x_q_1,10,C032_ratio_v_F_E_22,ratio,0.6387391240036473,False
50,0.0,1,C038_solve_c_9_3_29,1,C038_solve_c_9_3_29,simple_solve,1.0,True
50,0.0,1,C038_solve_c_9_3_29,2,C012_solve_z_8_9_2,simple_solve,0.8059774309718843,False
50,0.0,1,C038_solve_c_9_3_29,3,C047_solve_b_2_4_38,simple_solve,0.784749249062017,False
50,0.0,1,C038_solve_c_9_3_29,4,C021_solve_E_7_7_11,simple_solve,0.7734447828991513,False
50,0.0,1,C038_solve_c_9_3_29,5,C030_solve_F_4_9_20,simple_solve,0.7497931058931042,False
50,0.0,1,C038_solve_c_9_3_29,6,C045_lin_y_q_d_36,linear,0.7053048392276926,False
50,0.0,1,C038_solve_c_9_3_29,7,C010_lin_r_v_z_0,linear,0.6727555405606287,False
50,0.0,1,C038_solve_c_9_3_29,8,C036_lin_p_v_z_27,linear,0.660892607945927,False
50,0.0,1,C038_solve_c_9_3_29,9,C027_poly_d_y_s_17,polynomial,0.6358931476845114,False
50,0.0,1,C038_solve_c_9_3_29,10,C018_poly_s_p_c_8,polynomial,0.6291372369844539,False
50,0.0,2,C017_phys_a_t_7,1,C017_phys_a_t_7,physics,1.0,True
50,0.0,2,C017_phys_a_t_7,2,C043_phys_a_x_34,physics,0.8768452290631286,False
50,0.0,2,C017_phys_a_t_7,3,C004_force,physics,0.8227997704451581,False
50,0.0,2,C017_phys_a_t_7,4,C046_lin_re_F_d_t_37,linear,0.7467740568627377,False
50,0.0,2,C017_phys_a_t_7,5,C026_phys_t_F_16,physics,0.7127433483365532,False
50,0.0,2,C017_phys_a_t_7,6,C032_ratio_v_F_E_22,ratio,0.7037672061262934,False
50,0.0,2,C017_phys_a_t_7,7,C028_lin_A_a_y_18,linear,0.6598295091011033,False
50,0.0,2,C017_phys_a_t_7,8,C036_lin_p_v_z_27,linear,0.652586019615733,False
50,0.0,2,C017_phys_a_t_7,9,C037_lin_re_A_E_t_28,linear,0.6523078971207119,False
50,0.0,2,C017_phys_a_t_7,10,C010_lin_r_v_z_0,linear,0.651765944875028,False
50,0.0,3,C026_phys_t_F_16,1,C026_phys_t_F_16,physics,0.9999999999999999,True
50,0.0,3,C026_phys_t_F_16,2,C034_phys_v_y_25,physics,0.8243407734229993,False
50,0.0,3,C026_phys_t_F_16,3,C020_lin_re_E_t_F_10,linear,0.7839455080044629,False
50,0.0,3,C026_phys_t_F_16,4,C017_phys_a_t_7,physics,0.7127433483365532,False
50,0.0,3,C026_phys_t_F_16,5,C014_ratio_q_d_F_4,ratio,0.6902314487874874,False
50,0.0,3,C026_phys_t_F_16,6,C046_lin_re_F_d_t_37,linear,0.6723218154575535,False
50,0.0,3,C026_phys_t_F_16,7,C029_lin_re_x_q_A_19,linear,0.6711608693925777,False
50,0.0,3,C026_phys_t_F_16,8,C004_force,physics,0.670182705850935,False
50,0.0,3,C026_phys_t_F_16,9,C049_ratio_t_A_s_40,ratio,0.654258824170726,False
50,0.0,3,C026_phys_t_F_16,10,C019_lin_b_c_m_9,linear,0.6473782319333757,False
50,0.0,4,C024_root_z_c_d_14,1,C024_root_z_c_d_14,root,0.9999999999999999,True
50,0.0,4,C024_root_z_c_d_14,2,C041_root_q_y_z_32,root,0.8216651522388563,False
50,0.0,4,C024_root_z_c_d_14,3,C015_root_F_E_v_5,root,0.8093375735567755,False
50,0.0,4,C024_root_z_c_d_14,4,C033_root_v_m_x_23,root,0.7825365569366233,False
50,0.0,4,C024_root_z_c_d_14,5,C050_root_F_v_s_41,root,0.7755444218675809,False
50,0.0,4,C024_root_z_c_d_14,6,C039_pow2_x_z_b_30,power,0.7720220800774855,False
50,0.0,4,C024_root_z_c_d_14,7,C048_pow2_d_x_p_39,power,0.7549312265898086,False
50,0.0,4,C024_root_z_c_d_14,8,C001_pythagorean,metric,0.7462704595726605,False
50,0.0,4,C024_root_z_c_d_14,9,C022_pow2_b_m_a_12,power,0.7427105004097326,False
50,0.0,4,C024_root_z_c_d_14,10,C031_pow2_A_c_x_21,power,0.7271571573184552,False
50,0.0,5,C032_ratio_v_F_E_22,1,C032_ratio_v_F_E_22,ratio,1.0,True
50,0.0,5,C032_ratio_v_F_E_22,2,C036_lin_p_v_z_27,linear,0.7228976484456258,False
50,0.0,5,C032_ratio_v_F_E_22,3,C010_lin_r_v_z_0,linear,0.7156437173402974,False
50,0.0,5,C032_ratio_v_F_E_22,4,C017_phys_a_t_7,physics,0.7037672061262934,False
50,0.0,5,C032_ratio_v_F_E_22,5,C004_force,physics,0.7034971211510083,False
50,0.0,5,C032_ratio_v_F_E_22,6,C049_ratio_t_A_s_40,ratio,0.6980857697968121,False
50,0.0,5,C032_ratio_v_F_E_22,7,C014_ratio_q_d_F_4,ratio,0.6907050642167505,False
50,0.0,5,C032_ratio_v_F_E_22,8,C043_phys_a_x_34,physics,0.6845978371716714,False
50,0.0,5,C032_ratio_v_F_E_22,9,C028_lin_A_a_y_18,linear,0.6647807004320624,False
50,0.0,5,C032_ratio_v_F_E_22,10,C037_lin_re_A_E_t_28,linear,0.6644662275415002,False
50,0.0,6,C035_poly_p_q_E_26,1,C035_poly_p_q_E_26,polynomial,1.0,True
50,0.0,6,C035_poly_p_q_E_26,2,C018_poly_s_p_c_8,polynomial,0.8886647316014186,False
50,0.0,6,C035_poly_p_q_E_26,3,C044_poly_s_A_y_35,polynomial,0.8576079305285599,False
50,0.0,6,C035_poly_p_q_E_26,4,C027_poly_d_y_s_17,polynomial,0.835654309738406,False
50,0.0,6,C035_poly_p_q_E_26,5,C048_pow2_d_x_p_39,power,0.7596777312742163,False
50,0.0,6,C035_poly_p_q_E_26,6,C013_pow2_p_r_x_3,power,0.7507809285468824,False
50,0.0,6,C035_poly_p_q_E_26,7,C022_pow2_b_m_a_12,power,0.7423618308015937,False
50,0.0,6,C035_poly_p_q_E_26,8,C039_pow2_x_z_b_30,power,0.7378879821379972,False
50,0.0,6,C035_poly_p_q_E_26,9,C001_pythagorean,metric,0.7369979846591044,False
50,0.0,6,C035_poly_p_q_E_26,10,C031_pow2_A_c_x_21,power,0.7197740982658271,False
50,0.0,7,C006_derivative_square,1,C006_derivative_square,calculus,0.9999999999999999,True
50,0.0,7,C006_derivative_square,2,C039_pow2_x_z_b_30,power,0.7030985224062462,False
50,0.0,7,C006_derivative_square,3,C001_pythagorean,metric,0.6916974595035386,False
50,0.0,7,C006_derivative_square,4,C027_poly_d_y_s_17,polynomial,0.6822425812561985,False
50,0.0,7,C006_derivative_square,5,C048_pow2_d_x_p_39,power,0.6812950824141759,False
50,0.0,7,C006_derivative_square,6,C024_root_z_c_d_14,root,0.6559171105131548,False
50,0.0,7,C006_derivative_square,7,C022_pow2_b_m_a_12,power,0.6504326239723054,False
50,0.0,7,C006_derivative_square,8,C025_area_y_15,geometry,0.6414400187377469,False
50,0.0,7,C006_derivative_square,9,C035_poly_p_q_E_26,polynomial,0.6375370898823097,False
50,0.0,7,C006_derivative_square,10,C003_energy,physics,0.6354799386425374,False
50,0.0,8,C025_area_y_15,1,C025_area_y_15,geometry,1.0,True
50,0.0,8,C025_area_y_15,2,C005_area_circle,geometry,0.9263411736689761,False
50,0.0,8,C025_area_y_15,3,C042_area_q_33,geometry,0.9152201737715732,False
50,0.0,8,C025_area_y_15,4,C016_area_p_6,geometry,0.9132440771643474,False
50,0.0,8,C025_area_y_15,5,C003_energy,physics,0.7704263582209939,False
50,0.0,8,C025_area_y_15,6,C001_pythagorean,metric,0.709651075864815,False
50,0.0,8,C025_area_y_15,7,C031_pow2_A_c_x_21,power,0.697256086229388,False
50,0.0,8,C025_area_y_15,8,C022_pow2_b_m_a_12,power,0.6888241681818669,False
50,0.0,8,C025_area_y_15,9,C039_pow2_x_z_b_30,power,0.6864541226538573,False
50,0.0,8,C025_area_y_15,10,C044_poly_s_A_y_35,polynomial,0.6739385375912823,False
50,0.0,9,C002_circle_center,1,C002_circle_center,metric,0.9999999999999999,True
50,0.0,9,C002_circle_center,2,C033_root_v_m_x_23,root,0.6414097167198888,False
50,0.0,9,C002_circle_center,3,C041_root_q_y_z_32,root,0.6363227507094014,False
50,0.0,9,C002_circle_center,4,C050_root_F_v_s_41,root,0.6182597818603187,False
50,0.0,9,C002_circle_center,5,C013_pow2_p_r_x_3,power,0.6167373760889913,False
50,0.0,9,C002_circle_center,6,C007_integral_x,calculus,0.5978097117178611,False
50,0.0,9,C002_circle_center,7,C001_pythagorean,metric,0.5916099420705053,False
50,0.0,9,C002_circle_center,8,C015_root_F_E_v_5,root,0.5908501379196922,False
50,0.0,9,C002_circle_center,9,C031_pow2_A_c_x_21,power,0.5871546976789322,False
50,0.0,9,C002_circle_center,10,C022_pow2_b_m_a_12,power,0.556198838846633,False
50,0.0,10,C015_root_F_E_v_5,1,C015_root_F_E_v_5,root,0.9999999999999999,True
50,0.0,10,C015_root_F_E_v_5,2,C050_root_F_v_s_41,root,0.9409370791139519,False
50,0.0,10,C015_root_F_E_v_5,3,C033_root_v_m_x_23,root,0.8988030444057379,False
50,0.0,10,C015_root_F_E_v_5,4,C041_root_q_y_z_32,root,0.8791865160035398,False
50,0.0,10,C015_root_F_E_v_5,5,C024_root_z_c_d_14,root,0.8093375735567755,False
50,0.0,10,C015_root_F_E_v_5,6,C013_pow2_p_r_x_3,power,0.7502720602782144,False
50,0.0,10,C015_root_F_E_v_5,7,C031_pow2_A_c_x_21,power,0.7478253571889977,False
50,0.0,10,C015_root_F_E_v_5,8,C048_pow2_d_x_p_39,power,0.7277204152860668,False
50,0.0,10,C015_root_F_E_v_5,9,C022_pow2_b_m_a_12,power,0.7202444426412358,False
50,0.0,10,C015_root_F_E_v_5,10,C001_pythagorean,metric,0.7164205185830711,False
50,0.0,11,C014_ratio_q_d_F_4,1,C014_ratio_q_d_F_4,ratio,0.9999999999999999,True
50,0.0,11,C014_ratio_q_d_F_4,2,C040_ratio_q_b_s_31,ratio,0.8440522781187492,False
50,0.0,11,C014_ratio_q_d_F_4,3,C023_ratio_c_z_s_13,ratio,0.754833202634644,False
50,0.0,11,C014_ratio_q_d_F_4,4,C049_ratio_t_A_s_40,ratio,0.7273305059191555,False
50,0.0,11,C014_ratio_q_d_F_4,5,C032_ratio_v_F_E_22,ratio,0.6907050642167505,False
50,0.0,11,C014_ratio_q_d_F_4,6,C026_phys_t_F_16,physics,0.6902314487874874,False
50,0.0,11,C014_ratio_q_d_F_4,7,C034_phys_v_y_25,physics,0.6768981076675179,False
50,0.0,11,C014_ratio_q_d_F_4,8,C029_lin_re_x_q_A_19,linear,0.6609935235354497,False
50,0.0,11,C014_ratio_q_d_F_4,9,C020_lin_re_E_t_F_10,linear,0.6565624384960244,False
50,0.0,11,C014_ratio_q_d_F_4,10,C019_lin_b_c_m_9,linear,0.6529017683771433,False
50,0.0,12,C031_pow2_A_c_x_21,1,C031_pow2_A_c_x_21,power,0.9999999999999999,True
50,0.0,12,C031_pow2_A_c_x_21,2,C013_pow2_p_r_x_3,power,0.9033639437756321,False
50,0.0,12,C031_pow2_A_c_x_21,3,C048_pow2_d_x_p_39,power,0.8714258653857437,False
50,0.0,12,C031_pow2_A_c_x_21,4,C001_pythagorean,metric,0.8681830126172096,False
50,0.0,12,C031_pow2_A_c_x_21,5,C039_pow2_x_z_b_30,power,0.86133686645395,False
50,0.0,12,C031_pow2_A_c_x_21,6,C022_pow2_b_m_a_12,power,0.8492640851794077,False
50,0.0,12,C031_pow2_A_c_x_21,7,C018_poly_s_p_c_8,polynomial,0.7520252413029699,False
50,0.0,12,C031_pow2_A_c_x_21,8,C033_root_v_m_x_23,root,0.7492549857151624,False
50,0.0,12,C031_pow2_A_c_x_21,9,C044_poly_s_A_y_35,polynomial,0.7485005035142224,False
50,0.0,12,C031_pow2_A_c_x_21,10,C015_root_F_E_v_5,root,0.7478253571889977,False
50,0.0,13,C007_integral_x,1,C007_integral_x,calculus,0.9999999999999999,True
50,0.0,13,C007_integral_x,2,C013_pow2_p_r_x_3,power,0.7263190374260469,False
50,0.0,13,C007_integral_x,3,C031_pow2_A_c_x_21,power,0.7186077334757172,False
50,0.0,13,C007_integral_x,4,C033_root_v_m_x_23,root,0.7175048778643996,False
50,0.0,13,C007_integral_x,5,C048_pow2_d_x_p_39,power,0.6948050519179051,False
50,0.0,13,C007_integral_x,6,C041_root_q_y_z_32,root,0.6896396459068173,False
50,0.0,13,C007_integral_x,7,C050_root_F_v_s_41,root,0.6889799670828168,False
50,0.0,13,C007_integral_x,8,C015_root_F_E_v_5,root,0.6753713808871338,False
50,0.0,13,C007_integral_x,9,C001_pythagorean,metric,0.6682597887803478,False
50,0.0,13,C007_integral_x,10,C039_pow2_x_z_b_30,power,0.65131744806827,False
50,0.0,14,C027_poly_d_y_s_17,1,C027_poly_d_y_s_17,polynomial,0.9999999999999999,True
50,0.0,14,C027_poly_d_y_s_17,2,C044_poly_s_A_y_35,polynomial,0.8949838326151083,False
50,0.0,14,C027_poly_d_y_s_17,3,C018_poly_s_p_c_8,polynomial,0.8617963641153505,False
50,0.0,14,C027_poly_d_y_s_17,4,C035_poly_p_q_E_26,polynomial,0.835654309738406,False
50,0.0,14,C027_poly_d_y_s_17,5,C001_pythagorean,metric,0.7644693002698166,False
50,0.0,14,C027_poly_d_y_s_17,6,C048_pow2_d_x_p_39,power,0.7496506056368957,False
50,0.0,14,C027_poly_d_y_s_17,7,C039_pow2_x_z_b_30,power,0.7416052107155903,False
50,0.0,14,C027_poly_d_y_s_17,8,C022_pow2_b_m_a_12,power,0.7357801065727212,False
50,0.0,14,C027_poly_d_y_s_17,9,C024_root_z_c_d_14,root,0.7264533738645027,False
50,0.0,14,C027_poly_d_y_s_17,10,C045_lin_y_q_d_36,linear,0.6959560151043571,False
50,0.0,15,C045_lin_y_q_d_36,1,C045_lin_y_q_d_36,linear,0.9999999999999999,True
50,0.0,15,C045_lin_y_q_d_36,2,C010_lin_r_v_z_0,linear,0.7763087847383733,False
50,0.0,15,C045_lin_y_q_d_36,3,C036_lin_p_v_z_27,linear,0.764589608237217,False
50,0.0,15,C045_lin_y_q_d_36,4,C028_lin_A_a_y_18,linear,0.7564832598140746,False
50,0.0,15,C045_lin_y_q_d_36,5,C038_solve_c_9_3_29,simple_solve,0.7053048392276926,False
50,0.0,15,C045_lin_y_q_d_36,6,C047_solve_b_2_4_38,simple_solve,0.6999794218458376,False
50,0.0,15,C045_lin_y_q_d_36,7,C021_solve_E_7_7_11,simple_solve,0.6969584338468746,False
50,0.0,15,C045_lin_y_q_d_36,8,C027_poly_d_y_s_17,polynomial,0.6959560151043571,False
50,0.0,15,C045_lin_y_q_d_36,9,C012_solve_z_8_9_2,simple_solve,0.6749708242410495,False
50,0.0,15,C045_lin_y_q_d_36,10,C043_phys_a_x_34,physics,0.6640011146743598,False
50,0.0,16,C018_poly_s_p_c_8,1,C018_poly_s_p_c_8,polynomial,0.9999999999999999,True
50,0.0,16,C018_poly_s_p_c_8,2,C044_poly_s_A_y_35,polynomial,0.9167932791545722,False
50,0.0,16,C018_poly_s_p_c_8,3,C035_poly_p_q_E_26,polynomial,0.8886647316014186,False
50,0.0,16,C018_poly_s_p_c_8,4,C027_poly_d_y_s_17,polynomial,0.8617963641153505,False
50,0.0,16,C018_poly_s_p_c_8,5,C048_pow2_d_x_p_39,power,0.7590201630820066,False
50,0.0,16,C018_poly_s_p_c_8,6,C031_pow2_A_c_x_21,power,0.7520252413029699,False
50,0.0,16,C018_poly_s_p_c_8,7,C013_pow2_p_r_x_3,power,0.7485552174862528,False
50,0.0,16,C018_poly_s_p_c_8,8,C022_pow2_b_m_a_12,power,0.7461800757452679,False
50,0.0,16,C018_poly_s_p_c_8,9,C001_pythagorean,metric,0.7414692572724695,False
50,0.0,16,C018_poly_s_p_c_8,10,C039_pow2_x_z_b_30,power,0.7401450732873864,False
50,0.0,17,C034_phys_v_y_25,1,C034_phys_v_y_25,physics,1.0,True
50,0.0,17,C034_phys_v_y_25,2,C026_phys_t_F_16,physics,0.8243407734229993,False
50,0.0,17,C034_phys_v_y_25,3,C020_lin_re_E_t_F_10,linear,0.7270635931973137,False
50,0.0,17,C034_phys_v_y_25,4,C029_lin_re_x_q_A_19,linear,0.6848353345891727,False
50,0.0,17,C034_phys_v_y_25,5,C014_ratio_q_d_F_4,ratio,0.6768981076675179,False
50,0.0,17,C034_phys_v_y_25,6,C023_ratio_c_z_s_13,ratio,0.659625743292861,False
50,0.0,17,C034_phys_v_y_25,7,C019_lin_b_c_m_9,linear,0.6572756051946921,False
50,0.0,17,C034_phys_v_y_25,8,C004_force,physics,0.6569809535913647,False
50,0.0,17,C034_phys_v_y_25,9,C040_ratio_q_b_s_31,ratio,0.6452163693294782,False
50,0.0,17,C034_phys_v_y_25,10,C017_phys_a_t_7,physics,0.6380650149931563,False
50,0.0,18,C047_solve_b_2_4_38,1,C047_solve_b_2_4_38,simple_solve,0.9999999999999999,True
50,0.0,18,C047_solve_b_2_4_38,2,C038_solve_c_9_3_29,simple_solve,0.784749249062017,False
50,0.0,18,C047_solve_b_2_4_38,3,C021_solve_E_7_7_11,simple_solve,0.7754190366318595,False
50,0.0,18,C047_solve_b_2_4_38,4,C030_solve_F_4_9_20,simple_solve,0.7610131393197083,False
50,0.0,18,C047_solve_b_2_4_38,5,C012_solve_z_8_9_2,simple_solve,0.751044957178198,False
50,0.0,18,C047_solve_b_2_4_38,6,C045_lin_y_q_d_36,linear,0.6999794218458376,False
50,0.0,18,C047_solve_b_2_4_38,7,C022_pow2_b_m_a_12,power,0.6893305885845865,False
50,0.0,18,C047_solve_b_2_4_38,8,C039_pow2_x_z_b_30,power,0.6808542502720383,False
50,0.0,18,C047_solve_b_2_4_38,9,C010_lin_r_v_z_0,linear,0.6687097715447292,False
50,0.0,18,C047_solve_b_2_4_38,10,C036_lin_p_v_z_27,linear,0.6598479521402374,False
50,0.0,19,C020_lin_re_E_t_F_10,1,C020_lin_re_E_t_F_10,linear,0.9999999999999999,True
50,0.0,19,C020_lin_re_E_t_F_10,2,C029_lin_re_x_q_A_19,linear,0.7872328868342843,False
50,0.0,19,C020_lin_re_E_t_F_10,3,C026_phys_t_F_16,physics,0.7839455080044629,False
50,0.0,19,C020_lin_re_E_t_F_10,4,C037_lin_re_A_E_t_28,linear,0.7530229388317287,False
50,0.0,19,C020_lin_re_E_t_F_10,5,C046_lin_re_F_d_t_37,linear,0.7366618271871725,False
50,0.0,19,C020_lin_re_E_t_F_10,6,C034_phys_v_y_25,physics,0.7270635931973137,False
50,0.0,19,C020_lin_re_E_t_F_10,7,C014_ratio_q_d_F_4,ratio,0.6565624384960244,False
50,0.0,19,C020_lin_re_E_t_F_10,8,C023_ratio_c_z_s_13,ratio,0.6385100186188574,False
50,0.0,19,C020_lin_re_E_t_F_10,9,C019_lin_b_c_m_9,linear,0.6269343355576047,False
50,0.0,19,C020_lin_re_E_t_F_10,10,C011_lin_re_p_x_q_1,linear,0.623604744207036,False
50,0.0,20,C004_force,1,C004_force,physics,1.0,True
50,0.0,20,C004_force,2,C017_phys_a_t_7,physics,0.8227997704451581,False
50,0.0,20,C004_force,3,C043_phys_a_x_34,physics,0.7991094056265788,False
50,0.0,20,C004_force,4,C046_lin_re_F_d_t_37,linear,0.7095565900611214,False
50,0.0,20,C004_force,5,C028_lin_A_a_y_18,linear,0.7075007243574551,False
50,0.0,20,C004_force,6,C032_ratio_v_F_E_22,ratio,0.7034971211510083,False
50,0.0,20,C004_force,7,C026_phys_t_F_16,physics,0.670182705850935,False
50,0.0,20,C004_force,8,C037_lin_re_A_E_t_28,linear,0.6701172174641571,False
50,0.0,20,C004_force,9,C011_lin_re_p_x_q_1,linear,0.66525522989425,False
50,0.0,20,C004_force,10,C034_phys_v_y_25,physics,0.6569809535913647,False
50,0.0,21,C008_division_zero,1,C008_division_zero,omega,0.9999999999999999,True
50,0.0,21,C008_division_zero,2,C006_derivative_square,calculus,0.5238243229051939,False
50,0.0,21,C008_division_zero,3,C012_solve_z_8_9_2,simple_solve,0.5206290718505546,False
50,0.0,21,C008_division_zero,4,C038_solve_c_9_3_29,simple_solve,0.5144568693546291,False
50,0.0,21,C008_division_zero,5,C047_solve_b_2_4_38,simple_solve,0.5081961529605876,False
50,0.0,21,C008_division_zero,6,C043_phys_a_x_34,physics,0.505550834358592,False
50,0.0,21,C008_division_zero,7,C021_solve_E_7_7_11,simple_solve,0.5032399556541846,False
50,0.0,21,C008_division_zero,8,C027_poly_d_y_s_17,polynomial,0.5025395845003094,False
50,0.0,21,C008_division_zero,9,C039_pow2_x_z_b_30,power,0.5016267397059704,False
50,0.0,21,C008_division_zero,10,C001_pythagorean,metric,0.49435680971147444,False
50,0.0,22,C029_lin_re_x_q_A_19,1,C029_lin_re_x_q_A_19,linear,0.9999999999999999,True
50,0.0,22,C029_lin_re_x_q_A_19,2,C020_lin_re_E_t_F_10,linear,0.7872328868342843,False
50,0.0,22,C029_lin_re_x_q_A_19,3,C011_lin_re_p_x_q_1,linear,0.7273163760417537,False
50,0.0,22,C029_lin_re_x_q_A_19,4,C037_lin_re_A_E_t_28,linear,0.7127361073843184,False
50,0.0,22,C029_lin_re_x_q_A_19,5,C034_phys_v_y_25,physics,0.6848353345891727,False
50,0.0,22,C029_lin_re_x_q_A_19,6,C026_phys_t_F_16,physics,0.6711608693925777,False
50,0.0,22,C029_lin_re_x_q_A_19,7,C040_ratio_q_b_s_31,ratio,0.6634517611712798,False
50,0.0,22,C029_lin_re_x_q_A_19,8,C046_lin_re_F_d_t_37,linear,0.6628512113872336,False
50,0.0,22,C029_lin_re_x_q_A_19,9,C014_ratio_q_d_F_4,ratio,0.6609935235354497,False
50,0.0,22,C029_lin_re_x_q_A_19,10,C023_ratio_c_z_s_13,ratio,0.6432488431694015,False
50,0.0,23,C028_lin_A_a_y_18,1,C028_lin_A_a_y_18,linear,0.9999999999999999,True
50,0.0,23,C028_lin_A_a_y_18,2,C010_lin_r_v_z_0,linear,0.7568893322691183,False
50,0.0,23,C028_lin_A_a_y_18,3,C036_lin_p_v_z_27,linear,0.756626681452755,False
50,0.0,23,C028_lin_A_a_y_18,4,C045_lin_y_q_d_36,linear,0.7564832598140746,False
50,0.0,23,C028_lin_A_a_y_18,5,C004_force,physics,0.7075007243574551,False
50,0.0,23,C028_lin_A_a_y_18,6,C037_lin_re_A_E_t_28,linear,0.6808773390278379,False
50,0.0,23,C028_lin_A_a_y_18,7,C019_lin_b_c_m_9,linear,0.6667435861652804,False
50,0.0,23,C028_lin_A_a_y_18,8,C032_ratio_v_F_E_22,ratio,0.6647807004320624,False
50,0.0,23,C028_lin_A_a_y_18,9,C017_phys_a_t_7,physics,0.6598295091011033,False
50,0.0,23,C028_lin_A_a_y_18,10,C049_ratio_t_A_s_40,ratio,0.657964362046742,False
50,0.0,24,C040_ratio_q_b_s_31,1,C040_ratio_q_b_s_31,ratio,0.9999999999999999,True
50,0.0,24,C040_ratio_q_b_s_31,2,C014_ratio_q_d_F_4,ratio,0.8440522781187492,False
50,0.0,24,C040_ratio_q_b_s_31,3,C023_ratio_c_z_s_13,ratio,0.8122028648808207,False
50,0.0,24,C040_ratio_q_b_s_31,4,C049_ratio_t_A_s_40,ratio,0.8099133244379016,False
50,0.0,24,C040_ratio_q_b_s_31,5,C019_lin_b_c_m_9,linear,0.6926395310687955,False
50,0.0,24,C040_ratio_q_b_s_31,6,C029_lin_re_x_q_A_19,linear,0.6634517611712798,False
50,0.0,24,C040_ratio_q_b_s_31,7,C032_ratio_v_F_E_22,ratio,0.6552921581924565,False
50,0.0,24,C040_ratio_q_b_s_31,8,C034_phys_v_y_25,physics,0.6452163693294782,False
50,0.0,24,C040_ratio_q_b_s_31,9,C026_phys_t_F_16,physics,0.6338464051501156,False
50,0.0,24,C040_ratio_q_b_s_31,10,C020_lin_re_E_t_F_10,linear,0.6124051054153301,False
50,0.0,25,C019_lin_b_c_m_9,1,C019_lin_b_c_m_9,linear,0.9999999999999999,True
50,0.0,25,C019_lin_b_c_m_9,2,C023_ratio_c_z_s_13,ratio,0.7100284561612779,False
50,0.0,25,C019_lin_b_c_m_9,3,C040_ratio_q_b_s_31,ratio,0.6926395310687955,False
50,0.0,25,C019_lin_b_c_m_9,4,C028_lin_A_a_y_18,linear,0.6667435861652804,False
50,0.0,25,C019_lin_b_c_m_9,5,C034_phys_v_y_25,physics,0.6572756051946921,False
50,0.0,25,C019_lin_b_c_m_9,6,C014_ratio_q_d_F_4,ratio,0.6529017683771433,False
50,0.0,25,C019_lin_b_c_m_9,7,C026_phys_t_F_16,physics,0.6473782319333757,False
50,0.0,25,C019_lin_b_c_m_9,8,C029_lin_re_x_q_A_19,linear,0.6333673109191311,False
50,0.0,25,C019_lin_b_c_m_9,9,C049_ratio_t_A_s_40,ratio,0.628585317664956,False
50,0.0,25,C019_lin_b_c_m_9,10,C020_lin_re_E_t_F_10,linear,0.6269343355576047,False
50,0.0,26,C048_pow2_d_x_p_39,1,C048_pow2_d_x_p_39,power,0.9999999999999999,True
50,0.0,26,C048_pow2_d_x_p_39,2,C013_pow2_p_r_x_3,power,0.8985811111213126,False
50,0.0,26,C048_pow2_d_x_p_39,3,C001_pythagorean,metric,0.8938215300271088,False
50,0.0,26,C048_pow2_d_x_p_39,4,C039_pow2_x_z_b_30,power,0.8872666326659496,False
50,0.0,26,C048_pow2_d_x_p_39,5,C031_pow2_A_c_x_21,power,0.8714258653857437,False
50,0.0,26,C048_pow2_d_x_p_39,6,C022_pow2_b_m_a_12,power,0.856868441630063,False
50,0.0,26,C048_pow2_d_x_p_39,7,C035_poly_p_q_E_26,polynomial,0.7596777312742163,False
50,0.0,26,C048_pow2_d_x_p_39,8,C018_poly_s_p_c_8,polynomial,0.7590201630820066,False
50,0.0,26,C048_pow2_d_x_p_39,9,C024_root_z_c_d_14,root,0.7549312265898086,False
50,0.0,26,C048_pow2_d_x_p_39,10,C027_poly_d_y_s_17,polynomial,0.7496506056368957,False
50,0.0,27,C041_root_q_y_z_32,1,C041_root_q_y_z_32,root,0.9999999999999999,True
50,0.0,27,C041_root_q_y_z_32,2,C033_root_v_m_x_23,root,0.885757669661728,False
50,0.0,27,C041_root_q_y_z_32,3,C050_root_F_v_s_41,root,0.8813470884960848,False
50,0.0,27,C041_root_q_y_z_32,4,C015_root_F_E_v_5,root,0.8791865160035398,False
50,0.0,27,C041_root_q_y_z_32,5,C024_root_z_c_d_14,root,0.8216651522388563,False
50,0.0,27,C041_root_q_y_z_32,6,C013_pow2_p_r_x_3,power,0.7382262128014953,False
50,0.0,27,C041_root_q_y_z_32,7,C031_pow2_A_c_x_21,power,0.7352826539181158,False
50,0.0,27,C041_root_q_y_z_32,8,C001_pythagorean,metric,0.7350732039166833,False
50,0.0,27,C041_root_q_y_z_32,9,C048_pow2_d_x_p_39,power,0.7254548962461523,False
50,0.0,27,C041_root_q_y_z_32,10,C039_pow2_x_z_b_30,power,0.7152551070366848,False
50,0.1,0,C050_root_F_v_s_41,1,C050_root_F_v_s_41,root,0.8689054196036972,True
50,0.1,0,C050_root_F_v_s_41,2,C015_root_F_E_v_5,root,0.8444222096744829,False
50,0.1,0,C050_root_F_v_s_41,3,C024_root_z_c_d_14,root,0.7811090006196257,False
50,0.1,0,C050_root_F_v_s_41,4,C033_root_v_m_x_23,root,0.7777926553717206,False
50,0.1,0,C050_root_F_v_s_41,5,C041_root_q_y_z_32,root,0.7636006994391182,False
50,0.1,0,C050_root_F_v_s_41,6,C018_poly_s_p_c_8,polynomial,0.6770385978472098,False
50,0.1,0,C050_root_F_v_s_41,7,C044_poly_s_A_y_35,polynomial,0.6766225805940548,False
50,0.1,0,C050_root_F_v_s_41,8,C022_pow2_b_m_a_12,power,0.6665503307848296,False
50,0.1,0,C050_root_F_v_s_41,9,C001_pythagorean,metric,0.6652633997982322,False
50,0.1,0,C050_root_F_v_s_41,10,C048_pow2_d_x_p_39,power,0.6628317377151701,False
50,0.1,1,C045_lin_y_q_d_36,1,C045_lin_y_q_d_36,linear,0.9999999999999999,True
50,0.1,1,C045_lin_y_q_d_36,2,C010_lin_r_v_z_0,linear,0.7763087847383733,False
50,0.1,1,C045_lin_y_q_d_36,3,C036_lin_p_v_z_27,linear,0.764589608237217,False
50,0.1,1,C045_lin_y_q_d_36,4,C028_lin_A_a_y_18,linear,0.7564832598140746,False
50,0.1,1,C045_lin_y_q_d_36,5,C038_solve_c_9_3_29,simple_solve,0.7053048392276926,False
50,0.1,1,C045_lin_y_q_d_36,6,C047_solve_b_2_4_38,simple_solve,0.6999794218458376,False
50,0.1,1,C045_lin_y_q_d_36,7,C021_solve_E_7_7_11,simple_solve,0.6969584338468746,False
50,0.1,1,C045_lin_y_q_d_36,8,C027_poly_d_y_s_17,polynomial,0.6959560151043571,False
50,0.1,1,C045_lin_y_q_d_36,9,C012_solve_z_8_9_2,simple_solve,0.6749708242410495,False
50,0.1,1,C045_lin_y_q_d_36,10,C043_phys_a_x_34,physics,0.6640011146743598,False
50,0.1,2,C041_root_q_y_z_32,1,C041_root_q_y_z_32,root,0.8238744507254776,True
50,0.1,2,C041_root_q_y_z_32,2,C033_root_v_m_x_23,root,0.7322464496425016,False
50,0.1,2,C041_root_q_y_z_32,3,C050_root_F_v_s_41,root,0.7246724735018472,False
50,0.1,2,C041_root_q_y_z_32,4,C015_root_F_E_v_5,root,0.6857350279260027,False
50,0.1,2,C041_root_q_y_z_32,5,C002_circle_center,metric,0.6550412890308625,False
50,0.1,2,C041_root_q_y_z_32,6,C024_root_z_c_d_14,root,0.6426827475686179,False
50,0.1,2,C041_root_q_y_z_32,7,C007_integral_x,calculus,0.5633680185254348,False
50,0.1,2,C041_root_q_y_z_32,8,C013_pow2_p_r_x_3,power,0.5405414463700515,False
50,0.1,2,C041_root_q_y_z_32,9,C001_pythagorean,metric,0.5385695625111124,False
50,0.1,2,C041_root_q_y_z_32,10,C048_pow2_d_x_p_39,power,0.5332013479693015,False
50,0.1,3,C017_phys_a_t_7,1,C017_phys_a_t_7,physics,0.8648244497379122,True
50,0.1,3,C017_phys_a_t_7,2,C043_phys_a_x_34,physics,0.8620931170808463,False
50,0.1,3,C017_phys_a_t_7,3,C004_force,physics,0.7848193266225149,False
50,0.1,3,C017_phys_a_t_7,4,C032_ratio_v_F_E_22,ratio,0.6576658141051425,False
50,0.1,3,C017_phys_a_t_7,5,C046_lin_re_F_d_t_37,linear,0.6425978364981596,False
50,0.1,3,C017_phys_a_t_7,6,C026_phys_t_F_16,physics,0.6192084519071133,False
50,0.1,3,C017_phys_a_t_7,7,C045_lin_y_q_d_36,linear,0.6136685350016432,False
50,0.1,3,C017_phys_a_t_7,8,C034_phys_v_y_25,physics,0.612160019208567,False
50,0.1,3,C017_phys_a_t_7,9,C010_lin_r_v_z_0,linear,0.609715158686484,False
50,0.1,3,C017_phys_a_t_7,10,C028_lin_A_a_y_18,linear,0.6072196178084639,False
50,0.1,4,C004_force,1,C004_force,physics,1.0,True
50,0.1,4,C004_force,2,C017_phys_a_t_7,physics,0.8227997704451581,False
50,0.1,4,C004_force,3,C043_phys_a_x_34,physics,0.7991094056265788,False
50,0.1,4,C004_force,4,C046_lin_re_F_d_t_37,linear,0.7095565900611214,False
50,0.1,4,C004_force,5,C028_lin_A_a_y_18,linear,0.7075007243574551,False
50,0.1,4,C004_force,6,C032_ratio_v_F_E_22,ratio,0.7034971211510083,False
50,0.1,4,C004_force,7,C026_phys_t_F_16,physics,0.670182705850935,False
50,0.1,4,C004_force,8,C037_lin_re_A_E_t_28,linear,0.6701172174641571,False
50,0.1,4,C004_force,9,C011_lin_re_p_x_q_1,linear,0.66525522989425,False
50,0.1,4,C004_force,10,C034_phys_v_y_25,physics,0.6569809535913647,False
50,0.1,5,C040_ratio_q_b_s_31,1,C040_ratio_q_b_s_31,ratio,0.9999999999999999,True
50,0.1,5,C040_ratio_q_b_s_31,2,C014_ratio_q_d_F_4,ratio,0.8440522781187492,False
50,0.1,5,C040_ratio_q_b_s_31,3,C023_ratio_c_z_s_13,ratio,0.8122028648808207,False
50,0.1,5,C040_ratio_q_b_s_31,4,C049_ratio_t_A_s_40,ratio,0.8099133244379016,False
50,0.1,5,C040_ratio_q_b_s_31,5,C019_lin_b_c_m_9,linear,0.6926395310687955,False
50,0.1,5,C040_ratio_q_b_s_31,6,C029_lin_re_x_q_A_19,linear,0.6634517611712798,False
50,0.1,5,C040_ratio_q_b_s_31,7,C032_ratio_v_F_E_22,ratio,0.6552921581924565,False
50,0.1,5,C040_ratio_q_b_s_31,8,C034_phys_v_y_25,physics,0.6452163693294782,False
50,0.1,5,C040_ratio_q_b_s_31,9,C026_phys_t_F_16,physics,0.6338464051501156,False
50,0.1,5,C040_ratio_q_b_s_31,10,C020_lin_re_E_t_F_10,linear,0.6124051054153301,False
50,0.1,6,C008_division_zero,1,C008_division_zero,omega,0.9999999999999999,True
50,0.1,6,C008_division_zero,2,C006_derivative_square,calculus,0.5238243229051939,False
50,0.1,6,C008_division_zero,3,C012_solve_z_8_9_2,simple_solve,0.5206290718505546,False
50,0.1,6,C008_division_zero,4,C038_solve_c_9_3_29,simple_solve,0.5144568693546291,False
50,0.1,6,C008_division_zero,5,C047_solve_b_2_4_38,simple_solve,0.5081961529605876,False
50,0.1,6,C008_division_zero,6,C043_phys_a_x_34,physics,0.505550834358592,False
50,0.1,6,C008_division_zero,7,C021_solve_E_7_7_11,simple_solve,0.5032399556541846,False
50,0.1,6,C008_division_zero,8,C027_poly_d_y_s_17,polynomial,0.5025395845003094,False
50,0.1,6,C008_division_zero,9,C039_pow2_x_z_b_30,power,0.5016267397059704,False
50,0.1,6,C008_division_zero,10,C001_pythagorean,metric,0.49435680971147444,False
50,0.1,7,C044_poly_s_A_y_35,1,C044_poly_s_A_y_35,polynomial,0.926740903473678,True
50,0.1,7,C044_poly_s_A_y_35,2,C018_poly_s_p_c_8,polynomial,0.8436764504891646,False
50,0.1,7,C044_poly_s_A_y_35,3,C027_poly_d_y_s_17,polynomial,0.8383786583562347,False
50,0.1,7,C044_poly_s_A_y_35,4,C035_poly_p_q_E_26,polynomial,0.8030419986787692,False
50,0.1,7,C044_poly_s_A_y_35,5,C001_pythagorean,metric,0.7170515410991956,False
50,0.1,7,C044_poly_s_A_y_35,6,C031_pow2_A_c_x_21,power,0.7005614477342642,False
50,0.1,7,C044_poly_s_A_y_35,7,C022_pow2_b_m_a_12,power,0.6968545796620664,False
50,0.1,7,C044_poly_s_A_y_35,8,C039_pow2_x_z_b_30,power,0.6928064085924028,False
50,0.1,7,C044_poly_s_A_y_35,9,C048_pow2_d_x_p_39,power,0.6876709347883896,False
50,0.1,7,C044_poly_s_A_y_35,10,C013_pow2_p_r_x_3,power,0.6736825177244891,False
50,0.1,8,C019_lin_b_c_m_9,1,C019_lin_b_c_m_9,linear,0.9999999999999999,True
50,0.1,8,C019_lin_b_c_m_9,2,C023_ratio_c_z_s_13,ratio,0.7100284561612779,False
50,0.1,8,C019_lin_b_c_m_9,3,C040_ratio_q_b_s_31,ratio,0.6926395310687955,False
50,0.1,8,C019_lin_b_c_m_9,4,C028_lin_A_a_y_18,linear,0.6667435861652804,False
50,0.1,8,C019_lin_b_c_m_9,5,C034_phys_v_y_25,physics,0.6572756051946921,False
50,0.1,8,C019_lin_b_c_m_9,6,C014_ratio_q_d_F_4,ratio,0.6529017683771433,False
50,0.1,8,C019_lin_b_c_m_9,7,C026_phys_t_F_16,physics,0.6473782319333757,False
50,0.1,8,C019_lin_b_c_m_9,8,C029_lin_re_x_q_A_19,linear,0.6333673109191311,False
50,0.1,8,C019_lin_b_c_m_9,9,C049_ratio_t_A_s_40,ratio,0.628585317664956,False
50,0.1,8,C019_lin_b_c_m_9,10,C020_lin_re_E_t_F_10,linear,0.6269343355576047,False
50,0.1,9,C015_root_F_E_v_5,1,C015_root_F_E_v_5,root,0.9999999999999999,True
50,0.1,9,C015_root_F_E_v_5,2,C050_root_F_v_s_41,root,0.9409370791139519,False
50,0.1,9,C015_root_F_E_v_5,3,C033_root_v_m_x_23,root,0.8988030444057379,False
50,0.1,9,C015_root_F_E_v_5,4,C041_root_q_y_z_32,root,0.8791865160035398,False
50,0.1,9,C015_root_F_E_v_5,5,C024_root_z_c_d_14,root,0.8093375735567755,False
50,0.1,9,C015_root_F_E_v_5,6,C013_pow2_p_r_x_3,power,0.7502720602782144,False
50,0.1,9,C015_root_F_E_v_5,7,C031_pow2_A_c_x_21,power,0.7478253571889977,False
50,0.1,9,C015_root_F_E_v_5,8,C048_pow2_d_x_p_39,power,0.7277204152860668,False
50,0.1,9,C015_root_F_E_v_5,9,C022_pow2_b_m_a_12,power,0.7202444426412358,False
50,0.1,9,C015_root_F_E_v_5,10,C001_pythagorean,metric,0.7164205185830711,False
50,0.1,10,C024_root_z_c_d_14,1,C024_root_z_c_d_14,root,0.9999999999999999,True
50,0.1,10,C024_root_z_c_d_14,2,C041_root_q_y_z_32,root,0.8216651522388563,False
50,0.1,10,C024_root_z_c_d_14,3,C015_root_F_E_v_5,root,0.8093375735567755,False
50,0.1,10,C024_root_z_c_d_14,4,C033_root_v_m_x_23,root,0.7825365569366233,False
50,0.1,10,C024_root_z_c_d_14,5,C050_root_F_v_s_41,root,0.7755444218675809,False
50,0.1,10,C024_root_z_c_d_14,6,C039_pow2_x_z_b_30,power,0.7720220800774855,False
50,0.1,10,C024_root_z_c_d_14,7,C048_pow2_d_x_p_39,power,0.7549312265898086,False
50,0.1,10,C024_root_z_c_d_14,8,C001_pythagorean,metric,0.7462704595726605,False
50,0.1,10,C024_root_z_c_d_14,9,C022_pow2_b_m_a_12,power,0.7427105004097326,False
50,0.1,10,C024_root_z_c_d_14,10,C031_pow2_A_c_x_21,power,0.7271571573184552,False
50,0.1,11,C012_solve_z_8_9_2,1,C012_solve_z_8_9_2,simple_solve,0.9999999999999999,True
50,0.1,11,C012_solve_z_8_9_2,2,C038_solve_c_9_3_29,simple_solve,0.8059774309718843,False
50,0.1,11,C012_solve_z_8_9_2,3,C030_solve_F_4_9_20,simple_solve,0.7708350417892093,False
50,0.1,11,C012_solve_z_8_9_2,4,C021_solve_E_7_7_11,simple_solve,0.7554565795433665,False
50,0.1,11,C012_solve_z_8_9_2,5,C047_solve_b_2_4_38,simple_solve,0.751044957178198,False
50,0.1,11,C012_solve_z_8_9_2,6,C045_lin_y_q_d_36,linear,0.6749708242410495,False
50,0.1,11,C012_solve_z_8_9_2,7,C010_lin_r_v_z_0,linear,0.6662002396527547,False
50,0.1,11,C012_solve_z_8_9_2,8,C036_lin_p_v_z_27,linear,0.6510826421987439,False
50,0.1,11,C012_solve_z_8_9_2,9,C039_pow2_x_z_b_30,power,0.6351546048300748,False
50,0.1,11,C012_solve_z_8_9_2,10,C027_poly_d_y_s_17,polynomial,0.6336703350807394,False
50,0.1,12,C032_ratio_v_F_E_22,1,C032_ratio_v_F_E_22,ratio,0.8504431692131627,True
50,0.1,12,C032_ratio_v_F_E_22,2,C049_ratio_t_A_s_40,ratio,0.7213021581550491,False
50,0.1,12,C032_ratio_v_F_E_22,3,C014_ratio_q_d_F_4,ratio,0.6767798874486637,False
50,0.1,12,C032_ratio_v_F_E_22,4,C004_force,physics,0.656406354275688,False
50,0.1,12,C032_ratio_v_F_E_22,5,C040_ratio_q_b_s_31,ratio,0.6550366244855136,False
50,0.1,12,C032_ratio_v_F_E_22,6,C036_lin_p_v_z_27,linear,0.6359406295620231,False
50,0.1,12,C032_ratio_v_F_E_22,7,C010_lin_r_v_z_0,linear,0.6266813893261156,False
50,0.1,12,C032_ratio_v_F_E_22,8,C023_ratio_c_z_s_13,ratio,0.6147409054409162,False
50,0.1,12,C032_ratio_v_F_E_22,9,C028_lin_A_a_y_18,linear,0.612158707735716,False
50,0.1,12,C032_ratio_v_F_E_22,10,C034_phys_v_y_25,physics,0.6104670686207111,False
50,0.1,13,C018_poly_s_p_c_8,1,C018_poly_s_p_c_8,polynomial,0.9999999999999999,True
50,0.1,13,C018_poly_s_p_c_8,2,C044_poly_s_A_y_35,polynomial,0.9167932791545722,False
50,0.1,13,C018_poly_s_p_c_8,3,C035_poly_p_q_E_26,polynomial,0.8886647316014186,False
50,0.1,13,C018_poly_s_p_c_8,4,C027_poly_d_y_s_17,polynomial,0.8617963641153505,False
50,0.1,13,C018_poly_s_p_c_8,5,C048_pow2_d_x_p_39,power,0.7590201630820066,False
50,0.1,13,C018_poly_s_p_c_8,6,C031_pow2_A_c_x_21,power,0.7520252413029699,False
50,0.1,13,C018_poly_s_p_c_8,7,C013_pow2_p_r_x_3,power,0.7485552174862528,False
50,0.1,13,C018_poly_s_p_c_8,8,C022_pow2_b_m_a_12,power,0.7461800757452679,False
50,0.1,13,C018_poly_s_p_c_8,9,C001_pythagorean,metric,0.7414692572724695,False
50,0.1,13,C018_poly_s_p_c_8,10,C039_pow2_x_z_b_30,power,0.7401450732873864,False
50,0.1,14,C035_poly_p_q_E_26,1,C035_poly_p_q_E_26,polynomial,0.9733399289148229,True
50,0.1,14,C035_poly_p_q_E_26,2,C018_poly_s_p_c_8,polynomial,0.8756635600055301,False
50,0.1,14,C035_poly_p_q_E_26,3,C044_poly_s_A_y_35,polynomial,0.8484050850050252,False
50,0.1,14,C035_poly_p_q_E_26,4,C027_poly_d_y_s_17,polynomial,0.8307346568218935,False
50,0.1,14,C035_poly_p_q_E_26,5,C048_pow2_d_x_p_39,power,0.7539848468403711,False
50,0.1,14,C035_poly_p_q_E_26,6,C013_pow2_p_r_x_3,power,0.7507101703217954,False
50,0.1,14,C035_poly_p_q_E_26,7,C022_pow2_b_m_a_12,power,0.7453972050083613,False
50,0.1,14,C035_poly_p_q_E_26,8,C039_pow2_x_z_b_30,power,0.7413298949458371,False
50,0.1,14,C035_poly_p_q_E_26,9,C001_pythagorean,metric,0.7403072735240724,False
50,0.1,14,C035_poly_p_q_E_26,10,C031_pow2_A_c_x_21,power,0.7228101354561555,False
50,0.1,15,C021_solve_E_7_7_11,1,C021_solve_E_7_7_11,simple_solve,1.0,True
50,0.1,15,C021_solve_E_7_7_11,2,C047_solve_b_2_4_38,simple_solve,0.7754190366318595,False
50,0.1,15,C021_solve_E_7_7_11,3,C038_solve_c_9_3_29,simple_solve,0.7734447828991513,False
50,0.1,15,C021_solve_E_7_7_11,4,C012_solve_z_8_9_2,simple_solve,0.7554565795433665,False
50,0.1,15,C021_solve_E_7_7_11,5,C030_solve_F_4_9_20,simple_solve,0.7553341443297781,False
50,0.1,15,C021_solve_E_7_7_11,6,C045_lin_y_q_d_36,linear,0.6969584338468746,False
50,0.1,15,C021_solve_E_7_7_11,7,C010_lin_r_v_z_0,linear,0.6623283351027781,False
50,0.1,15,C021_solve_E_7_7_11,8,C035_poly_p_q_E_26,polynomial,0.6566105793927415,False
50,0.1,15,C021_solve_E_7_7_11,9,C036_lin_p_v_z_27,linear,0.6565016929240557,False
50,0.1,15,C021_solve_E_7_7_11,10,C018_poly_s_p_c_8,polynomial,0.6310323392709671,False
50,0.1,16,C011_lin_re_p_x_q_1,1,C011_lin_re_p_x_q_1,linear,0.9999999999999999,True
50,0.1,16,C011_lin_re_p_x_q_1,2,C046_lin_re_F_d_t_37,linear,0.7788206610652748,False
50,0.1,16,C011_lin_re_p_x_q_1,3,C037_lin_re_A_E_t_28,linear,0.7701138540233161,False
50,0.1,16,C011_lin_re_p_x_q_1,4,C029_lin_re_x_q_A_19,linear,0.7273163760417537,False
50,0.1,16,C011_lin_re_p_x_q_1,5,C043_phys_a_x_34,physics,0.6813193116315295,False
50,0.1,16,C011_lin_re_p_x_q_1,6,C036_lin_p_v_z_27,linear,0.6786057783382607,False
50,0.1,16,C011_lin_re_p_x_q_1,7,C004_force,physics,0.66525522989425,False
50,0.1,16,C011_lin_re_p_x_q_1,8,C017_phys_a_t_7,physics,0.6517064462002058,False
50,0.1,16,C011_lin_re_p_x_q_1,9,C045_lin_y_q_d_36,linear,0.6428867156915627,False
50,0.1,16,C011_lin_re_p_x_q_1,10,C032_ratio_v_F_E_22,ratio,0.6387391240036473,False
50,0.1,17,C003_energy,1,C003_energy,physics,0.9999999999999999,True
50,0.1,17,C003_energy,2,C005_area_circle,geometry,0.773177699449356,False
50,0.1,17,C003_energy,3,C025_area_y_15,geometry,0.7704263582209939,False
50,0.1,17,C003_energy,4,C016_area_p_6,geometry,0.769282266558087,False
50,0.1,17,C003_energy,5,C042_area_q_33,geometry,0.7690606250976111,False
50,0.1,17,C003_energy,6,C022_pow2_b_m_a_12,power,0.7363308139022826,False
50,0.1,17,C003_energy,7,C039_pow2_x_z_b_30,power,0.7052121355377777,False
50,0.1,17,C003_energy,8,C001_pythagorean,metric,0.7049771347631205,False
50,0.1,17,C003_energy,9,C031_pow2_A_c_x_21,power,0.7012837230575809,False
50,0.1,17,C003_energy,10,C048_pow2_d_x_p_39,power,0.6992736992242514,False
50,0.1,18,C039_pow2_x_z_b_30,1,C039_pow2_x_z_b_30,power,0.877946286682063,True
50,0.1,18,C039_pow2_x_z_b_30,2,C013_pow2_p_r_x_3,power,0.8403512634594041,False
50,0.1,18,C039_pow2_x_z_b_30,3,C031_pow2_A_c_x_21,power,0.834879206623071,False
50,0.1,18,C039_pow2_x_z_b_30,4,C048_pow2_d_x_p_39,power,0.8158568402989063,False
50,0.1,18,C039_pow2_x_z_b_30,5,C001_pythagorean,metric,0.8024269670688619,False
50,0.1,18,C039_pow2_x_z_b_30,6,C022_pow2_b_m_a_12,power,0.7890037127788043,False
50,0.1,18,C039_pow2_x_z_b_30,7,C041_root_q_y_z_32,root,0.7689611611300039,False
50,0.1,18,C039_pow2_x_z_b_30,8,C033_root_v_m_x_23,root,0.7630605603953812,False
50,0.1,18,C039_pow2_x_z_b_30,9,C007_integral_x,calculus,0.7528901104638462,False
50,0.1,18,C039_pow2_x_z_b_30,10,C050_root_F_v_s_41,root,0.7390638072031405,False
50,0.1,19,C028_lin_A_a_y_18,1,C028_lin_A_a_y_18,linear,0.9999999999999999,True
50,0.1,19,C028_lin_A_a_y_18,2,C010_lin_r_v_z_0,linear,0.7568893322691183,False
50,0.1,19,C028_lin_A_a_y_18,3,C036_lin_p_v_z_27,linear,0.756626681452755,False
50,0.1,19,C028_lin_A_a_y_18,4,C045_lin_y_q_d_36,linear,0.7564832598140746,False
50,0.1,19,C028_lin_A_a_y_18,5,C004_force,physics,0.7075007243574551,False
50,0.1,19,C028_lin_A_a_y_18,6,C037_lin_re_A_E_t_28,linear,0.6808773390278379,False
50,0.1,19,C028_lin_A_a_y_18,7,C019_lin_b_c_m_9,linear,0.6667435861652804,False
50,0.1,19,C028_lin_A_a_y_18,8,C032_ratio_v_F_E_22,ratio,0.6647807004320624,False
50,0.1,19,C028_lin_A_a_y_18,9,C017_phys_a_t_7,physics,0.6598295091011033,False
50,0.1,19,C028_lin_A_a_y_18,10,C049_ratio_t_A_s_40,ratio,0.657964362046742,False
50,0.1,20,C038_solve_c_9_3_29,1,C038_solve_c_9_3_29,simple_solve,1.0,True
50,0.1,20,C038_solve_c_9_3_29,2,C012_solve_z_8_9_2,simple_solve,0.8059774309718843,False
50,0.1,20,C038_solve_c_9_3_29,3,C047_solve_b_2_4_38,simple_solve,0.784749249062017,False
50,0.1,20,C038_solve_c_9_3_29,4,C021_solve_E_7_7_11,simple_solve,0.7734447828991513,False
50,0.1,20,C038_solve_c_9_3_29,5,C030_solve_F_4_9_20,simple_solve,0.7497931058931042,False
50,0.1,20,C038_solve_c_9_3_29,6,C045_lin_y_q_d_36,linear,0.7053048392276926,False
50,0.1,20,C038_solve_c_9_3_29,7,C010_lin_r_v_z_0,linear,0.6727555405606287,False
50,0.1,20,C038_solve_c_9_3_29,8,C036_lin_p_v_z_27,linear,0.660892607945927,False
50,0.1,20,C038_solve_c_9_3_29,9,C027_poly_d_y_s_17,polynomial,0.6358931476845114,False
50,0.1,20,C038_solve_c_9_3_29,10,C018_poly_s_p_c_8,polynomial,0.6291372369844539,False
50,0.1,21,C027_poly_d_y_s_17,1,C027_poly_d_y_s_17,polynomial,0.9174842306500031,True
50,0.1,21,C027_poly_d_y_s_17,2,C044_poly_s_A_y_35,polynomial,0.8570992899776958,False
50,0.1,21,C027_poly_d_y_s_17,3,C018_poly_s_p_c_8,polynomial,0.8255456435510198,False
50,0.1,21,C027_poly_d_y_s_17,4,C035_poly_p_q_E_26,polynomial,0.7964794101683788,False
50,0.1,21,C027_poly_d_y_s_17,5,C001_pythagorean,metric,0.7137127483152944,False
50,0.1,21,C027_poly_d_y_s_17,6,C048_pow2_d_x_p_39,power,0.6921293014663543,False
50,0.1,21,C027_poly_d_y_s_17,7,C022_pow2_b_m_a_12,power,0.6891132321499917,False
50,0.1,21,C027_poly_d_y_s_17,8,C039_pow2_x_z_b_30,power,0.6867711920986769,False
50,0.1,21,C027_poly_d_y_s_17,9,C024_root_z_c_d_14,root,0.6647315577243328,False
50,0.1,21,C027_poly_d_y_s_17,10,C031_pow2_A_c_x_21,power,0.6619530838717603,False
50,0.1,22,C046_lin_re_F_d_t_37,1,C046_lin_re_F_d_t_37,linear,0.9999999999999999,True
50,0.1,22,C046_lin_re_F_d_t_37,2,C037_lin_re_A_E_t_28,linear,0.8296708304917758,False
50,0.1,22,C046_lin_re_F_d_t_37,3,C011_lin_re_p_x_q_1,linear,0.7788206610652748,False
50,0.1,22,C046_lin_re_F_d_t_37,4,C017_phys_a_t_7,physics,0.7467740568627377,False
50,0.1,22,C046_lin_re_F_d_t_37,5,C020_lin_re_E_t_F_10,linear,0.7366618271871725,False
50,0.1,22,C046_lin_re_F_d_t_37,6,C004_force,physics,0.7095565900611214,False
50,0.1,22,C046_lin_re_F_d_t_37,7,C026_phys_t_F_16,physics,0.6723218154575535,False
50,0.1,22,C046_lin_re_F_d_t_37,8,C043_phys_a_x_34,physics,0.6671854333766271,False
50,0.1,22,C046_lin_re_F_d_t_37,9,C032_ratio_v_F_E_22,ratio,0.6643797290785431,False
50,0.1,22,C046_lin_re_F_d_t_37,10,C029_lin_re_x_q_A_19,linear,0.6628512113872336,False
50,0.1,23,C001_pythagorean,1,C001_pythagorean,metric,0.8790627333690788,True
50,0.1,23,C001_pythagorean,2,C039_pow2_x_z_b_30,power,0.787084149669812,False
50,0.1,23,C001_pythagorean,3,C048_pow2_d_x_p_39,power,0.7733073570202377,False
50,0.1,23,C001_pythagorean,4,C013_pow2_p_r_x_3,power,0.7514231477066243,False
50,0.1,23,C001_pythagorean,5,C022_pow2_b_m_a_12,power,0.7392012998301835,False
50,0.1,23,C001_pythagorean,6,C031_pow2_A_c_x_21,power,0.723522127947014,False
50,0.1,23,C001_pythagorean,7,C027_poly_d_y_s_17,polynomial,0.7154599688148385,False
50,0.1,23,C001_pythagorean,8,C044_poly_s_A_y_35,polynomial,0.7059973666884104,False
50,0.1,23,C001_pythagorean,9,C035_poly_p_q_E_26,polynomial,0.6815226842315805,False
50,0.1,23,C001_pythagorean,10,C018_poly_s_p_c_8,polynomial,0.6785948609196193,False
50,0.1,24,C002_circle_center,1,C002_circle_center,metric,0.9676410478840861,True
50,0.1,24,C002_circle_center,2,C033_root_v_m_x_23,root,0.6606178649184696,False
50,0.1,24,C002_circle_center,3,C041_root_q_y_z_32,root,0.6567953634266039,False
50,0.1,24,C002_circle_center,4,C050_root_F_v_s_41,root,0.6370304432473975,False
50,0.1,24,C002_circle_center,5,C013_pow2_p_r_x_3,power,0.6348132241948445,False
50,0.1,24,C002_circle_center,6,C007_integral_x,calculus,0.6101729002227368,False
50,0.1,24,C002_circle_center,7,C015_root_F_E_v_5,root,0.6097086629329928,False
50,0.1,24,C002_circle_center,8,C001_pythagorean,metric,0.6079097651492515,False
50,0.1,24,C002_circle_center,9,C031_pow2_A_c_x_21,power,0.6029388647739125,False
50,0.1,24,C002_circle_center,10,C048_pow2_d_x_p_39,power,0.5645253839561024,False
50,0.1,25,C016_area_p_6,1,C016_area_p_6,geometry,0.8892431006708171,True
50,0.1,25,C016_area_p_6,2,C042_area_q_33,geometry,0.8236297829673414,False
50,0.1,25,C016_area_p_6,3,C005_area_circle,geometry,0.8166927347338506,False
50,0.1,25,C016_area_p_6,4,C025_area_y_15,geometry,0.8125369895102563,False
50,0.1,25,C016_area_p_6,5,C003_energy,physics,0.7249145716478249,False
50,0.1,25,C016_area_p_6,6,C048_pow2_d_x_p_39,power,0.6706486884374122,False
50,0.1,25,C016_area_p_6,7,C013_pow2_p_r_x_3,power,0.6550374711156925,False
50,0.1,25,C016_area_p_6,8,C022_pow2_b_m_a_12,power,0.642263238773456,False
50,0.1,25,C016_area_p_6,9,C039_pow2_x_z_b_30,power,0.6376447863087373,False
50,0.1,25,C016_area_p_6,10,C001_pythagorean,metric,0.6375723494079508,False
50,0.1,26,C010_lin_r_v_z_0,1,C010_lin_r_v_z_0,linear,1.0,True
50,0.1,26,C010_lin_r_v_z_0,2,C036_lin_p_v_z_27,linear,0.9099552627187841,False
50,0.1,26,C010_lin_r_v_z_0,3,C045_lin_y_q_d_36,linear,0.7763087847383733,False
50,0.1,26,C010_lin_r_v_z_0,4,C028_lin_A_a_y_18,linear,0.7568893322691183,False
50,0.1,26,C010_lin_r_v_z_0,5,C032_ratio_v_F_E_22,ratio,0.7156437173402974,False
50,0.1,26,C010_lin_r_v_z_0,6,C038_solve_c_9_3_29,simple_solve,0.6727555405606287,False
50,0.1,26,C010_lin_r_v_z_0,7,C047_solve_b_2_4_38,simple_solve,0.6687097715447292,False
50,0.1,26,C010_lin_r_v_z_0,8,C012_solve_z_8_9_2,simple_solve,0.6662002396527547,False
50,0.1,26,C010_lin_r_v_z_0,9,C021_solve_E_7_7_11,simple_solve,0.6623283351027781,False
50,0.1,26,C010_lin_r_v_z_0,10,C017_phys_a_t_7,physics,0.651765944875028,False
50,0.1,27,C034_phys_v_y_25,1,C034_phys_v_y_25,physics,1.0,True
50,0.1,27,C034_phys_v_y_25,2,C026_phys_t_F_16,physics,0.8243407734229993,False
50,0.1,27,C034_phys_v_y_25,3,C020_lin_re_E_t_F_10,linear,0.7270635931973137,False
50,0.1,27,C034_phys_v_y_25,4,C029_lin_re_x_q_A_19,linear,0.6848353345891727,False
50,0.1,27,C034_phys_v_y_25,5,C014_ratio_q_d_F_4,ratio,0.6768981076675179,False
50,0.1,27,C034_phys_v_y_25,6,C023_ratio_c_z_s_13,ratio,0.659625743292861,False
50,0.1,27,C034_phys_v_y_25,7,C019_lin_b_c_m_9,linear,0.6572756051946921,False
50,0.1,27,C034_phys_v_y_25,8,C004_force,physics,0.6569809535913647,False
50,0.1,27,C034_phys_v_y_25,9,C040_ratio_q_b_s_31,ratio,0.6452163693294782,False
50,0.1,27,C034_phys_v_y_25,10,C017_phys_a_t_7,physics,0.6380650149931563,False
50,0.25,0,C030_solve_F_4_9_20,1,C030_solve_F_4_9_20,simple_solve,0.7469519346179662,True
50,0.25,0,C030_solve_F_4_9_20,2,C026_phys_t_F_16,physics,0.6950892308946371,False
50,0.25,0,C030_solve_F_4_9_20,3,C034_phys_v_y_25,physics,0.6870790148538019,False
50,0.25,0,C030_solve_F_4_9_20,4,C020_lin_re_E_t_F_10,linear,0.6063560785226388,False
50,0.25,0,C030_solve_F_4_9_20,5,C012_solve_z_8_9_2,simple_solve,0.6027135780454184,False
50,0.25,0,C030_solve_F_4_9_20,6,C019_lin_b_c_m_9,linear,0.6002152668087507,False
50,0.25,0,C030_solve_F_4_9_20,7,C014_ratio_q_d_F_4,ratio,0.5971449112905877,False
50,0.25,0,C030_solve_F_4_9_20,8,C023_ratio_c_z_s_13,ratio,0.5875371236317153,False
50,0.25,0,C030_solve_F_4_9_20,9,C029_lin_re_x_q_A_19,linear,0.5729046800636265,False
50,0.25,0,C030_solve_F_4_9_20,10,C040_ratio_q_b_s_31,ratio,0.5697788680221845,False
50,0.25,1,C008_division_zero,1,C008_division_zero,omega,0.7994413137317607,True
50,0.25,1,C008_division_zero,2,C014_ratio_q_d_F_4,ratio,0.5430359665360065,False
50,0.25,1,C008_division_zero,3,C032_ratio_v_F_E_22,ratio,0.5327415030098615,False
50,0.25,1,C008_division_zero,4,C007_integral_x,calculus,0.5308184844693028,False
50,0.25,1,C008_division_zero,5,C030_solve_F_4_9_20,simple_solve,0.5264049725532763,False
50,0.25,1,C008_division_zero,6,C040_ratio_q_b_s_31,ratio,0.5152246670424987,False
50,0.25,1,C008_division_zero,7,C018_poly_s_p_c_8,polynomial,0.5094060512306469,False
50,0.25,1,C008_division_zero,8,C021_solve_E_7_7_11,simple_solve,0.5080756086141681,False
50,0.25,1,C008_division_zero,9,C044_poly_s_A_y_35,polynomial,0.5068036931014637,False
50,0.25,1,C008_division_zero,10,C035_poly_p_q_E_26,polynomial,0.501942498955292,False
50,0.25,2,C041_root_q_y_z_32,1,C041_root_q_y_z_32,root,0.8248243852599415,True
50,0.25,2,C041_root_q_y_z_32,2,C024_root_z_c_d_14,root,0.8243778211824364,False
50,0.25,2,C041_root_q_y_z_32,3,C015_root_F_E_v_5,root,0.7391166466609429,False
50,0.25,2,C041_root_q_y_z_32,4,C050_root_F_v_s_41,root,0.7047021439703037,False
50,0.25,2,C041_root_q_y_z_32,5,C033_root_v_m_x_23,root,0.7014771935756958,False
50,0.25,2,C041_root_q_y_z_32,6,C039_pow2_x_z_b_30,power,0.6867244369845154,False
50,0.25,2,C041_root_q_y_z_32,7,C001_pythagorean,metric,0.6862478036028893,False
50,0.25,2,C041_root_q_y_z_32,8,C027_poly_d_y_s_17,polynomial,0.6616016373722226,False
50,0.25,2,C041_root_q_y_z_32,9,C035_poly_p_q_E_26,polynomial,0.6612754905801301,False
50,0.25,2,C041_root_q_y_z_32,10,C022_pow2_b_m_a_12,power,0.6593347438954978,False
50,0.25,3,C044_poly_s_A_y_35,1,C018_poly_s_p_c_8,polynomial,0.8782999029891794,False
50,0.25,3,C044_poly_s_A_y_35,2,C044_poly_s_A_y_35,polynomial,0.8782944997562462,True
50,0.25,3,C044_poly_s_A_y_35,3,C027_poly_d_y_s_17,polynomial,0.8326552907455116,False
50,0.25,3,C044_poly_s_A_y_35,4,C035_poly_p_q_E_26,polynomial,0.8203958603223622,False
50,0.25,3,C044_poly_s_A_y_35,5,C022_pow2_b_m_a_12,power,0.7029350614992556,False
50,0.25,3,C044_poly_s_A_y_35,6,C039_pow2_x_z_b_30,power,0.6984331873074399,False
50,0.25,3,C044_poly_s_A_y_35,7,C001_pythagorean,metric,0.6976315010248382,False
50,0.25,3,C044_poly_s_A_y_35,8,C048_pow2_d_x_p_39,power,0.6882874159335789,False
50,0.25,3,C044_poly_s_A_y_35,9,C031_pow2_A_c_x_21,power,0.6816832786895504,False
50,0.25,3,C044_poly_s_A_y_35,10,C013_pow2_p_r_x_3,power,0.6788233051703614,False
50,0.25,4,C004_force,1,C004_force,physics,0.8512511858805273,True
50,0.25,4,C004_force,2,C017_phys_a_t_7,physics,0.716825564173942,False
50,0.25,4,C004_force,3,C043_phys_a_x_34,physics,0.7001175119624642,False
50,0.25,4,C004_force,4,C032_ratio_v_F_E_22,ratio,0.6703656265028549,False
50,0.25,4,C004_force,5,C026_phys_t_F_16,physics,0.6545530799964887,False
50,0.25,4,C004_force,6,C046_lin_re_F_d_t_37,linear,0.6380695447749515,False
50,0.25,4,C004_force,7,C034_phys_v_y_25,physics,0.6267863118815905,False
50,0.25,4,C004_force,8,C037_lin_re_A_E_t_28,linear,0.6126865136769719,False
50,0.25,4,C004_force,9,C011_lin_re_p_x_q_1,linear,0.6077635753271468,False
50,0.25,4,C004_force,10,C036_lin_p_v_z_27,linear,0.606950259298941,False
50,0.25,5,C005_area_circle,1,C005_area_circle,geometry,0.8174689225014193,True
50,0.25,5,C005_area_circle,2,C025_area_y_15,geometry,0.7539886343609055,False
50,0.25,5,C005_area_circle,3,C042_area_q_33,geometry,0.748284465192899,False
50,0.25,5,C005_area_circle,4,C016_area_p_6,geometry,0.7459248469299983,False
50,0.25,5,C005_area_circle,5,C003_energy,physics,0.6835469529222266,False
50,0.25,5,C005_area_circle,6,C001_pythagorean,metric,0.6199778667239236,False
50,0.25,5,C005_area_circle,7,C039_pow2_x_z_b_30,power,0.5871355723686719,False
50,0.25,5,C005_area_circle,8,C022_pow2_b_m_a_12,power,0.5822434193641959,False
50,0.25,5,C005_area_circle,9,C043_phys_a_x_34,physics,0.5793389843413683,False
50,0.25,5,C005_area_circle,10,C024_root_z_c_d_14,root,0.5772173979322959,False
50,0.25,6,C020_lin_re_E_t_F_10,1,C020_lin_re_E_t_F_10,linear,0.9026241208682094,True
50,0.25,6,C020_lin_re_E_t_F_10,2,C029_lin_re_x_q_A_19,linear,0.776301957864674,False
50,0.25,6,C020_lin_re_E_t_F_10,3,C026_phys_t_F_16,physics,0.7520153340226524,False
50,0.25,6,C020_lin_re_E_t_F_10,4,C034_phys_v_y_25,physics,0.7351404157414795,False
50,0.25,6,C020_lin_re_E_t_F_10,5,C037_lin_re_A_E_t_28,linear,0.7317921786945463,False
50,0.25,6,C020_lin_re_E_t_F_10,6,C046_lin_re_F_d_t_37,linear,0.7200602431718213,False
50,0.25,6,C020_lin_re_E_t_F_10,7,C014_ratio_q_d_F_4,ratio,0.6972289050434967,False
50,0.25,6,C020_lin_re_E_t_F_10,8,C040_ratio_q_b_s_31,ratio,0.6457672574691717,False
50,0.25,6,C020_lin_re_E_t_F_10,9,C011_lin_re_p_x_q_1,linear,0.6456249359787695,False
50,0.25,6,C020_lin_re_E_t_F_10,10,C023_ratio_c_z_s_13,ratio,0.6321380124604685,False
50,0.25,7,C013_pow2_p_r_x_3,1,C013_pow2_p_r_x_3,power,0.9999999999999999,True
50,0.25,7,C013_pow2_p_r_x_3,2,C031_pow2_A_c_x_21,power,0.9033639437756321,False
50,0.25,7,C013_pow2_p_r_x_3,3,C048_pow2_d_x_p_39,power,0.8985811111213126,False
50,0.25,7,C013_pow2_p_r_x_3,4,C001_pythagorean,metric,0.8930403605019356,False
50,0.25,7,C013_pow2_p_r_x_3,5,C039_pow2_x_z_b_30,power,0.8499074819401158,False
50,0.25,7,C013_pow2_p_r_x_3,6,C022_pow2_b_m_a_12,power,0.8392446368238206,False
50,0.25,7,C013_pow2_p_r_x_3,7,C033_root_v_m_x_23,root,0.7524290255349949,False
50,0.25,7,C013_pow2_p_r_x_3,8,C035_poly_p_q_E_26,polynomial,0.7507809285468824,False
50,0.25,7,C013_pow2_p_r_x_3,9,C015_root_F_E_v_5,root,0.7502720602782144,False
50,0.25,7,C013_pow2_p_r_x_3,10,C018_poly_s_p_c_8,polynomial,0.7485552174862528,False
50,0.25,8,C028_lin_A_a_y_18,1,C028_lin_A_a_y_18,linear,0.7247517883994934,True
50,0.25,8,C028_lin_A_a_y_18,2,C045_lin_y_q_d_36,linear,0.6730475068566917,False
50,0.25,8,C028_lin_A_a_y_18,3,C017_phys_a_t_7,physics,0.6699974387802227,False
50,0.25,8,C028_lin_A_a_y_18,4,C043_phys_a_x_34,physics,0.6600258264798087,False
50,0.25,8,C028_lin_A_a_y_18,5,C025_area_y_15,geometry,0.6362344133211146,False
50,0.25,8,C028_lin_A_a_y_18,6,C010_lin_r_v_z_0,linear,0.6343889625387378,False
50,0.25,8,C028_lin_A_a_y_18,7,C036_lin_p_v_z_27,linear,0.6335241473188177,False
50,0.25,8,C028_lin_A_a_y_18,8,C032_ratio_v_F_E_22,ratio,0.6324972507417634,False
50,0.25,8,C028_lin_A_a_y_18,9,C004_force,physics,0.625599342070741,False
50,0.25,8,C028_lin_A_a_y_18,10,C037_lin_re_A_E_t_28,linear,0.6094732846963173,False
50,0.25,9,C015_root_F_E_v_5,1,C015_root_F_E_v_5,root,0.7931676036009245,True
50,0.25,9,C015_root_F_E_v_5,2,C024_root_z_c_d_14,root,0.7487077969451058,False
50,0.25,9,C015_root_F_E_v_5,3,C050_root_F_v_s_41,root,0.7311277577551747,False
50,0.25,9,C015_root_F_E_v_5,4,C041_root_q_y_z_32,root,0.7040979594998183,False
50,0.25,9,C015_root_F_E_v_5,5,C033_root_v_m_x_23,root,0.6927906149788432,False
50,0.25,9,C015_root_F_E_v_5,6,C035_poly_p_q_E_26,polynomial,0.6569884744084206,False
50,0.25,9,C015_root_F_E_v_5,7,C001_pythagorean,metric,0.6453560304904905,False
50,0.25,9,C015_root_F_E_v_5,8,C039_pow2_x_z_b_30,power,0.6444836092808648,False
50,0.25,9,C015_root_F_E_v_5,9,C022_pow2_b_m_a_12,power,0.6417475695726853,False
50,0.25,9,C015_root_F_E_v_5,10,C048_pow2_d_x_p_39,power,0.6394500019111119,False
50,0.25,10,C006_derivative_square,1,C006_derivative_square,calculus,0.7204909424865963,True
50,0.25,10,C006_derivative_square,2,C007_integral_x,calculus,0.6676023676188448,False
50,0.25,10,C006_derivative_square,3,C033_root_v_m_x_23,root,0.590545926185349,False
50,0.25,10,C006_derivative_square,4,C029_lin_re_x_q_A_19,linear,0.5889301213769087,False
50,0.25,10,C006_derivative_square,5,C048_pow2_d_x_p_39,power,0.5669814739637739,False
50,0.25,10,C006_derivative_square,6,C040_ratio_q_b_s_31,ratio,0.562916900816907,False
50,0.25,10,C006_derivative_square,7,C050_root_F_v_s_41,root,0.5580982186102442,False
50,0.25,10,C006_derivative_square,8,C013_pow2_p_r_x_3,power,0.5551785147891496,False
50,0.25,10,C006_derivative_square,9,C019_lin_b_c_m_9,linear,0.5546685275911808,False
50,0.25,10,C006_derivative_square,10,C002_circle_center,metric,0.5538986183458783,False
50,0.25,11,C050_root_F_v_s_41,1,C050_root_F_v_s_41,root,0.8044705654803758,True
50,0.25,11,C050_root_F_v_s_41,2,C033_root_v_m_x_23,root,0.7245212764082861,False
50,0.25,11,C050_root_F_v_s_41,3,C015_root_F_E_v_5,root,0.7144348869300052,False
50,0.25,11,C050_root_F_v_s_41,4,C041_root_q_y_z_32,root,0.6777668723817935,False
50,0.25,11,C050_root_F_v_s_41,5,C002_circle_center,metric,0.5994330864082698,False
50,0.25,11,C050_root_F_v_s_41,6,C024_root_z_c_d_14,root,0.5933199364181009,False
50,0.25,11,C050_root_F_v_s_41,7,C034_phys_v_y_25,physics,0.5750285683393259,False
50,0.25,11,C050_root_F_v_s_41,8,C007_integral_x,calculus,0.5511799467129553,False
50,0.25,11,C050_root_F_v_s_41,9,C019_lin_b_c_m_9,linear,0.542350497865739,False
50,0.25,11,C050_root_F_v_s_41,10,C026_phys_t_F_16,physics,0.54113332333539,False
50,0.25,12,C023_ratio_c_z_s_13,1,C023_ratio_c_z_s_13,ratio,0.882784524356227,True
50,0.25,12,C023_ratio_c_z_s_13,2,C019_lin_b_c_m_9,linear,0.7200962536930821,False
50,0.25,12,C023_ratio_c_z_s_13,3,C034_phys_v_y_25,physics,0.7174563922472282,False
50,0.25,12,C023_ratio_c_z_s_13,4,C026_phys_t_F_16,physics,0.7032595002464564,False
50,0.25,12,C023_ratio_c_z_s_13,5,C040_ratio_q_b_s_31,ratio,0.7012643746030663,False
50,0.25,12,C023_ratio_c_z_s_13,6,C020_lin_re_E_t_F_10,linear,0.6633642236731899,False
50,0.25,12,C023_ratio_c_z_s_13,7,C029_lin_re_x_q_A_19,linear,0.6617932488732674,False
50,0.25,12,C023_ratio_c_z_s_13,8,C049_ratio_t_A_s_40,ratio,0.6553204518743584,False
50,0.25,12,C023_ratio_c_z_s_13,9,C014_ratio_q_d_F_4,ratio,0.6453206344979403,False
50,0.25,12,C023_ratio_c_z_s_13,10,C012_solve_z_8_9_2,simple_solve,0.5861204601673478,False
50,0.25,13,C025_area_y_15,1,C025_area_y_15,geometry,1.0,True
50,0.25,13,C025_area_y_15,2,C005_area_circle,geometry,0.9263411736689761,False
50,0.25,13,C025_area_y_15,3,C042_area_q_33,geometry,0.9152201737715732,False
50,0.25,13,C025_area_y_15,4,C016_area_p_6,geometry,0.9132440771643474,False
50,0.25,13,C025_area_y_15,5,C003_energy,physics,0.7704263582209939,False
50,0.25,13,C025_area_y_15,6,C001_pythagorean,metric,0.709651075864815,False
50,0.25,13,C025_area_y_15,7,C031_pow2_A_c_x_21,power,0.697256086229388,False
50,0.25,13,C025_area_y_15,8,C022_pow2_b_m_a_12,power,0.6888241681818669,False
50,0.25,13,C025_area_y_15,9,C039_pow2_x_z_b_30,power,0.6864541226538573,False
50,0.25,13,C025_area_y_15,10,C044_poly_s_A_y_35,polynomial,0.6739385375912823,False
50,0.25,14,C031_pow2_A_c_x_21,1,C031_pow2_A_c_x_21,power,0.898570269193768,True
50,0.25,14,C031_pow2_A_c_x_21,2,C013_pow2_p_r_x_3,power,0.8152362269105526,False
50,0.25,14,C031_pow2_A_c_x_21,3,C048_pow2_d_x_p_39,power,0.7860583633794404,False
50,0.25,14,C031_pow2_A_c_x_21,4,C022_pow2_b_m_a_12,power,0.781466234356942,False
50,0.25,14,C031_pow2_A_c_x_21,5,C001_pythagorean,metric,0.7751703408075942,False
50,0.25,14,C031_pow2_A_c_x_21,6,C039_pow2_x_z_b_30,power,0.7643927322561558,False
50,0.25,14,C031_pow2_A_c_x_21,7,C015_root_F_E_v_5,root,0.7004991437856422,False
50,0.25,14,C031_pow2_A_c_x_21,8,C041_root_q_y_z_32,root,0.6944893422940361,False
50,0.25,14,C031_pow2_A_c_x_21,9,C018_poly_s_p_c_8,polynomial,0.6936921519561572,False
50,0.25,14,C031_pow2_A_c_x_21,10,C044_poly_s_A_y_35,polynomial,0.6898945610316267,False
50,0.25,15,C022_pow2_b_m_a_12,1,C022_pow2_b_m_a_12,power,0.9416013503657742,True
50,0.25,15,C022_pow2_b_m_a_12,2,C039_pow2_x_z_b_30,power,0.8739516009622715,False
50,0.25,15,C022_pow2_b_m_a_12,3,C031_pow2_A_c_x_21,power,0.858524475397907,False
50,0.25,15,C022_pow2_b_m_a_12,4,C013_pow2_p_r_x_3,power,0.8542020463313097,False
50,0.25,15,C022_pow2_b_m_a_12,5,C001_pythagorean,metric,0.8437323308478158,False
50,0.25,15,C022_pow2_b_m_a_12,6,C048_pow2_d_x_p_39,power,0.8390516302982661,False
50,0.25,15,C022_pow2_b_m_a_12,7,C018_poly_s_p_c_8,polynomial,0.738343779238594,False
50,0.25,15,C022_pow2_b_m_a_12,8,C044_poly_s_A_y_35,polynomial,0.7356920840444388,False
50,0.25,15,C022_pow2_b_m_a_12,9,C035_poly_p_q_E_26,polynomial,0.7342690753799505,False
50,0.25,15,C022_pow2_b_m_a_12,10,C015_root_F_E_v_5,root,0.7311960180042439,False
50,0.25,16,C037_lin_re_A_E_t_28,1,C037_lin_re_A_E_t_28,linear,0.9999999999999999,True
50,0.25,16,C037_lin_re_A_E_t_28,2,C046_lin_re_F_d_t_37,linear,0.8296708304917758,False
50,0.25,16,C037_lin_re_A_E_t_28,3,C011_lin_re_p_x_q_1,linear,0.7701138540233161,False
50,0.25,16,C037_lin_re_A_E_t_28,4,C020_lin_re_E_t_F_10,linear,0.7530229388317287,False
50,0.25,16,C037_lin_re_A_E_t_28,5,C029_lin_re_x_q_A_19,linear,0.7127361073843184,False
50,0.25,16,C037_lin_re_A_E_t_28,6,C049_ratio_t_A_s_40,ratio,0.7015080806756703,False
50,0.25,16,C037_lin_re_A_E_t_28,7,C028_lin_A_a_y_18,linear,0.6808773390278379,False
50,0.25,16,C037_lin_re_A_E_t_28,8,C004_force,physics,0.6701172174641571,False
50,0.25,16,C037_lin_re_A_E_t_28,9,C032_ratio_v_F_E_22,ratio,0.6644662275415002,False
50,0.25,16,C037_lin_re_A_E_t_28,10,C017_phys_a_t_7,physics,0.6523078971207119,False
50,0.25,17,C034_phys_v_y_25,1,C034_phys_v_y_25,physics,1.0,True
50,0.25,17,C034_phys_v_y_25,2,C026_phys_t_F_16,physics,0.8243407734229993,False
50,0.25,17,C034_phys_v_y_25,3,C020_lin_re_E_t_F_10,linear,0.7270635931973137,False
50,0.25,17,C034_phys_v_y_25,4,C029_lin_re_x_q_A_19,linear,0.6848353345891727,False
50,0.25,17,C034_phys_v_y_25,5,C014_ratio_q_d_F_4,ratio,0.6768981076675179,False
50,0.25,17,C034_phys_v_y_25,6,C023_ratio_c_z_s_13,ratio,0.659625743292861,False
50,0.25,17,C034_phys_v_y_25,7,C019_lin_b_c_m_9,linear,0.6572756051946921,False
50,0.25,17,C034_phys_v_y_25,8,C004_force,physics,0.6569809535913647,False
50,0.25,17,C034_phys_v_y_25,9,C040_ratio_q_b_s_31,ratio,0.6452163693294782,False
50,0.25,17,C034_phys_v_y_25,10,C017_phys_a_t_7,physics,0.6380650149931563,False
50,0.25,18,C027_poly_d_y_s_17,1,C027_poly_d_y_s_17,polynomial,0.8895048396084093,True
50,0.25,18,C027_poly_d_y_s_17,2,C044_poly_s_A_y_35,polynomial,0.8145057462100009,False
50,0.25,18,C027_poly_d_y_s_17,3,C018_poly_s_p_c_8,polynomial,0.784551945663081,False
50,0.25,18,C027_poly_d_y_s_17,4,C035_poly_p_q_E_26,polynomial,0.7606401479571784,False
50,0.25,18,C027_poly_d_y_s_17,5,C001_pythagorean,metric,0.7010859044302368,False
50,0.25,18,C027_poly_d_y_s_17,6,C048_pow2_d_x_p_39,power,0.6879141664016059,False
50,0.25,18,C027_poly_d_y_s_17,7,C022_pow2_b_m_a_12,power,0.6757432985752629,False
50,0.25,18,C027_poly_d_y_s_17,8,C039_pow2_x_z_b_30,power,0.6728091664347142,False
50,0.25,18,C027_poly_d_y_s_17,9,C045_lin_y_q_d_36,linear,0.6691138880480464,False
50,0.25,18,C027_poly_d_y_s_17,10,C024_root_z_c_d_14,root,0.6617219396417869,False
50,0.25,19,C039_pow2_x_z_b_30,1,C039_pow2_x_z_b_30,power,1.0,True
50,0.25,19,C039_pow2_x_z_b_30,2,C001_pythagorean,metric,0.9044014428028028,False
50,0.25,19,C039_pow2_x_z_b_30,3,C022_pow2_b_m_a_12,power,0.8925716949057787,False
50,0.25,19,C039_pow2_x_z_b_30,4,C048_pow2_d_x_p_39,power,0.8872666326659496,False
50,0.25,19,C039_pow2_x_z_b_30,5,C031_pow2_A_c_x_21,power,0.86133686645395,False
50,0.25,19,C039_pow2_x_z_b_30,6,C013_pow2_p_r_x_3,power,0.8499074819401158,False
50,0.25,19,C039_pow2_x_z_b_30,7,C024_root_z_c_d_14,root,0.7720220800774855,False
50,0.25,19,C039_pow2_x_z_b_30,8,C027_poly_d_y_s_17,polynomial,0.7416052107155903,False
50,0.25,19,C039_pow2_x_z_b_30,9,C044_poly_s_A_y_35,polynomial,0.7412162992226222,False
50,0.25,19,C039_pow2_x_z_b_30,10,C018_poly_s_p_c_8,polynomial,0.7401450732873864,False
50,0.25,20,C002_circle_center,1,C002_circle_center,metric,0.9131058082639514,True
50,0.25,20,C002_circle_center,2,C033_root_v_m_x_23,root,0.5779645348515874,False
50,0.25,20,C002_circle_center,3,C041_root_q_y_z_32,root,0.5742433661616304,False
50,0.25,20,C002_circle_center,4,C013_pow2_p_r_x_3,power,0.5629615118030472,False
50,0.25,20,C002_circle_center,5,C050_root_F_v_s_41,root,0.5554674409560874,False
50,0.25,20,C002_circle_center,6,C001_pythagorean,metric,0.5391061209520865,False
50,0.25,20,C002_circle_center,7,C015_root_F_E_v_5,root,0.5341135780033255,False
50,0.25,20,C002_circle_center,8,C007_integral_x,calculus,0.5323890594910314,False
50,0.25,20,C002_circle_center,9,C031_pow2_A_c_x_21,power,0.531298641394358,False
50,0.25,20,C002_circle_center,10,C048_pow2_d_x_p_39,power,0.49295895962256486,False
50,0.25,21,C048_pow2_d_x_p_39,1,C048_pow2_d_x_p_39,power,0.7246162650026309,True
50,0.25,21,C048_pow2_d_x_p_39,2,C013_pow2_p_r_x_3,power,0.6295146167067517,False
50,0.25,21,C048_pow2_d_x_p_39,3,C001_pythagorean,metric,0.6235863796991121,False
50,0.25,21,C048_pow2_d_x_p_39,4,C039_pow2_x_z_b_30,power,0.6211404579984489,False
50,0.25,21,C048_pow2_d_x_p_39,5,C022_pow2_b_m_a_12,power,0.6046039743223676,False
50,0.25,21,C048_pow2_d_x_p_39,6,C027_poly_d_y_s_17,polynomial,0.5950147211258464,False
50,0.25,21,C048_pow2_d_x_p_39,7,C031_pow2_A_c_x_21,power,0.5931068950560118,False
50,0.25,21,C048_pow2_d_x_p_39,8,C006_derivative_square,calculus,0.589749690015048,False
50,0.25,21,C048_pow2_d_x_p_39,9,C019_lin_b_c_m_9,linear,0.5814818681736149,False
50,0.25,21,C048_pow2_d_x_p_39,10,C002_circle_center,metric,0.5773825282836119,False
50,0.25,22,C046_lin_re_F_d_t_37,1,C046_lin_re_F_d_t_37,linear,0.8720930042782215,True
50,0.25,22,C046_lin_re_F_d_t_37,2,C011_lin_re_p_x_q_1,linear,0.7422038972866244,False
50,0.25,22,C046_lin_re_F_d_t_37,3,C037_lin_re_A_E_t_28,linear,0.7297192411077154,False
50,0.25,22,C046_lin_re_F_d_t_37,4,C004_force,physics,0.6868444817046532,False
50,0.25,22,C046_lin_re_F_d_t_37,5,C017_phys_a_t_7,physics,0.654020085167408,False
50,0.25,22,C046_lin_re_F_d_t_37,6,C032_ratio_v_F_E_22,ratio,0.6372768676423441,False
50,0.25,22,C046_lin_re_F_d_t_37,7,C043_phys_a_x_34,physics,0.631553624268106,False
50,0.25,22,C046_lin_re_F_d_t_37,8,C020_lin_re_E_t_F_10,linear,0.6309174999327241,False
50,0.25,22,C046_lin_re_F_d_t_37,9,C029_lin_re_x_q_A_19,linear,0.603499358921225,False
50,0.25,22,C046_lin_re_F_d_t_37,10,C014_ratio_q_d_F_4,ratio,0.5929259687120988,False
50,0.25,23,C043_phys_a_x_34,1,C043_phys_a_x_34,physics,0.9999999999999999,True
50,0.25,23,C043_phys_a_x_34,2,C017_phys_a_t_7,physics,0.8768452290631286,False
50,0.25,23,C043_phys_a_x_34,3,C004_force,physics,0.7991094056265788,False
50,0.25,23,C043_phys_a_x_34,4,C032_ratio_v_F_E_22,ratio,0.6845978371716714,False
50,0.25,23,C043_phys_a_x_34,5,C011_lin_re_p_x_q_1,linear,0.6813193116315295,False
50,0.25,23,C043_phys_a_x_34,6,C046_lin_re_F_d_t_37,linear,0.6671854333766271,False
50,0.25,23,C043_phys_a_x_34,7,C045_lin_y_q_d_36,linear,0.6640011146743598,False
50,0.25,23,C043_phys_a_x_34,8,C010_lin_r_v_z_0,linear,0.6485001764132413,False
50,0.25,23,C043_phys_a_x_34,9,C028_lin_A_a_y_18,linear,0.6438987076598931,False
50,0.25,23,C043_phys_a_x_34,10,C036_lin_p_v_z_27,linear,0.6374546189875582,False
50,0.25,24,C019_lin_b_c_m_9,1,C019_lin_b_c_m_9,linear,0.7968172813655604,True
50,0.25,24,C019_lin_b_c_m_9,2,C047_solve_b_2_4_38,simple_solve,0.6882564503013076,False
50,0.25,24,C019_lin_b_c_m_9,3,C045_lin_y_q_d_36,linear,0.684958775259873,False
50,0.25,24,C019_lin_b_c_m_9,4,C012_solve_z_8_9_2,simple_solve,0.6791381549091425,False
50,0.25,24,C019_lin_b_c_m_9,5,C010_lin_r_v_z_0,linear,0.6492143708823543,False
50,0.25,24,C019_lin_b_c_m_9,6,C038_solve_c_9_3_29,simple_solve,0.6393788108098643,False
50,0.25,24,C019_lin_b_c_m_9,7,C021_solve_E_7_7_11,simple_solve,0.6332900167151062,False
50,0.25,24,C019_lin_b_c_m_9,8,C036_lin_p_v_z_27,linear,0.6314184308911862,False
50,0.25,24,C019_lin_b_c_m_9,9,C030_solve_F_4_9_20,simple_solve,0.6049456489437677,False
50,0.25,24,C019_lin_b_c_m_9,10,C028_lin_A_a_y_18,linear,0.5860696001160582,False
50,0.25,25,C036_lin_p_v_z_27,1,C036_lin_p_v_z_27,linear,0.8721390918202643,True
50,0.25,25,C036_lin_p_v_z_27,2,C010_lin_r_v_z_0,linear,0.794722466241851,False
50,0.25,25,C036_lin_p_v_z_27,3,C045_lin_y_q_d_36,linear,0.7333083802349718,False
50,0.25,25,C036_lin_p_v_z_27,4,C028_lin_A_a_y_18,linear,0.6810308724970173,False
50,0.25,25,C036_lin_p_v_z_27,5,C012_solve_z_8_9_2,simple_solve,0.6626261380325873,False
50,0.25,25,C036_lin_p_v_z_27,6,C021_solve_E_7_7_11,simple_solve,0.6594544152119516,False
50,0.25,25,C036_lin_p_v_z_27,7,C047_solve_b_2_4_38,simple_solve,0.6539619038738945,False
50,0.25,25,C036_lin_p_v_z_27,8,C038_solve_c_9_3_29,simple_solve,0.653572301583678,False
50,0.25,25,C036_lin_p_v_z_27,9,C011_lin_re_p_x_q_1,linear,0.6256477138553476,False
50,0.25,25,C036_lin_p_v_z_27,10,C032_ratio_v_F_E_22,ratio,0.6242037997132085,False
50,0.25,26,C011_lin_re_p_x_q_1,1,C011_lin_re_p_x_q_1,linear,0.8417084239512195,True
50,0.25,26,C011_lin_re_p_x_q_1,2,C037_lin_re_A_E_t_28,linear,0.7140511640246273,False
50,0.25,26,C011_lin_re_p_x_q_1,3,C046_lin_re_F_d_t_37,linear,0.6729301228245383,False
50,0.25,26,C011_lin_re_p_x_q_1,4,C029_lin_re_x_q_A_19,linear,0.6625854181578821,False
50,0.25,26,C011_lin_re_p_x_q_1,5,C004_force,physics,0.6118932475022691,False
50,0.25,26,C011_lin_re_p_x_q_1,6,C020_lin_re_E_t_F_10,linear,0.6101607376287218,False
50,0.25,26,C011_lin_re_p_x_q_1,7,C036_lin_p_v_z_27,linear,0.6090327276992272,False
50,0.25,26,C011_lin_re_p_x_q_1,8,C049_ratio_t_A_s_40,ratio,0.5746739487255603,False
50,0.25,26,C011_lin_re_p_x_q_1,9,C028_lin_A_a_y_18,linear,0.5697557071646664,False
50,0.25,26,C011_lin_re_p_x_q_1,10,C032_ratio_v_F_E_22,ratio,0.5639975287500195,False
50,0.25,27,C045_lin_y_q_d_36,1,C045_lin_y_q_d_36,linear,0.88652345475967,True
50,0.25,27,C045_lin_y_q_d_36,2,C010_lin_r_v_z_0,linear,0.7215376257814419,False
50,0.25,27,C045_lin_y_q_d_36,3,C036_lin_p_v_z_27,linear,0.7098270037040729,False
50,0.25,27,C045_lin_y_q_d_36,4,C028_lin_A_a_y_18,linear,0.7065398567716236,False
50,0.25,27,C045_lin_y_q_d_36,5,C038_solve_c_9_3_29,simple_solve,0.674913561374502,False
50,0.25,27,C045_lin_y_q_d_36,6,C021_solve_E_7_7_11,simple_solve,0.6709434188706354,False
50,0.25,27,C045_lin_y_q_d_36,7,C047_solve_b_2_4_38,simple_solve,0.6698045132271805,False
50,0.25,27,C045_lin_y_q_d_36,8,C027_poly_d_y_s_17,polynomial,0.6568206897266162,False
50,0.25,27,C045_lin_y_q_d_36,9,C012_solve_z_8_9_2,simple_solve,0.650781105414181,False
50,0.25,27,C045_lin_y_q_d_36,10,C043_phys_a_x_34,physics,0.6139905736388522,False
50,0.4,0,C008_division_zero,1,C008_division_zero,omega,0.7994413137317607,True
50,0.4,0,C008_division_zero,2,C014_ratio_q_d_F_4,ratio,0.5430359665360065,False
50,0.4,0,C008_division_zero,3,C032_ratio_v_F_E_22,ratio,0.5327415030098615,False
50,0.4,0,C008_division_zero,4,C007_integral_x,calculus,0.5308184844693028,False
50,0.4,0,C008_division_zero,5,C030_solve_F_4_9_20,simple_solve,0.5264049725532763,False
50,0.4,0,C008_division_zero,6,C040_ratio_q_b_s_31,ratio,0.5152246670424987,False
50,0.4,0,C008_division_zero,7,C018_poly_s_p_c_8,polynomial,0.5094060512306469,False
50,0.4,0,C008_division_zero,8,C021_solve_E_7_7_11,simple_solve,0.5080756086141681,False
50,0.4,0,C008_division_zero,9,C044_poly_s_A_y_35,polynomial,0.5068036931014637,False
50,0.4,0,C008_division_zero,10,C035_poly_p_q_E_26,polynomial,0.501942498955292,False
50,0.4,1,C018_poly_s_p_c_8,1,C018_poly_s_p_c_8,polynomial,0.8639663703501045,True
50,0.4,1,C018_poly_s_p_c_8,2,C044_poly_s_A_y_35,polynomial,0.8638110308188056,False
50,0.4,1,C018_poly_s_p_c_8,3,C027_poly_d_y_s_17,polynomial,0.8182550125004489,False
50,0.4,1,C018_poly_s_p_c_8,4,C035_poly_p_q_E_26,polynomial,0.8039125872527795,False
50,0.4,1,C018_poly_s_p_c_8,5,C022_pow2_b_m_a_12,power,0.6944811518547722,False
50,0.4,1,C018_poly_s_p_c_8,6,C039_pow2_x_z_b_30,power,0.6906786704371004,False
50,0.4,1,C018_poly_s_p_c_8,7,C001_pythagorean,metric,0.6903665829977998,False
50,0.4,1,C018_poly_s_p_c_8,8,C048_pow2_d_x_p_39,power,0.6822983253803898,False
50,0.4,1,C018_poly_s_p_c_8,9,C031_pow2_A_c_x_21,power,0.6726197056780738,False
50,0.4,1,C018_poly_s_p_c_8,10,C013_pow2_p_r_x_3,power,0.6696115555815304,False
50,0.4,2,C025_area_y_15,1,C025_area_y_15,geometry,0.816240470925594,True
50,0.4,2,C025_area_y_15,2,C005_area_circle,geometry,0.7498154481526262,False
50,0.4,2,C025_area_y_15,3,C042_area_q_33,geometry,0.7414866996288286,False
50,0.4,2,C025_area_y_15,4,C016_area_p_6,geometry,0.7384840832617575,False
50,0.4,2,C025_area_y_15,5,C003_energy,physics,0.6775513013053086,False
50,0.4,2,C025_area_y_15,6,C001_pythagorean,metric,0.6050026106618444,False
50,0.4,2,C025_area_y_15,7,C045_lin_y_q_d_36,linear,0.587739062653953,False
50,0.4,2,C025_area_y_15,8,C027_poly_d_y_s_17,polynomial,0.5856400151938247,False
50,0.4,2,C025_area_y_15,9,C006_derivative_square,calculus,0.5841071647225291,False
50,0.4,2,C025_area_y_15,10,C039_pow2_x_z_b_30,power,0.5812971732349547,False
50,0.4,3,C022_pow2_b_m_a_12,1,C022_pow2_b_m_a_12,power,0.696165696746448,True
50,0.4,3,C022_pow2_b_m_a_12,2,C002_circle_center,metric,0.6517190550127538,False
50,0.4,3,C022_pow2_b_m_a_12,3,C013_pow2_p_r_x_3,power,0.6488928290336464,False
50,0.4,3,C022_pow2_b_m_a_12,4,C048_pow2_d_x_p_39,power,0.6447713969926123,False
50,0.4,3,C022_pow2_b_m_a_12,5,C039_pow2_x_z_b_30,power,0.6417289675716384,False
50,0.4,3,C022_pow2_b_m_a_12,6,C031_pow2_A_c_x_21,power,0.6405313551487815,False
50,0.4,3,C022_pow2_b_m_a_12,7,C033_root_v_m_x_23,root,0.6261923943210584,False
50,0.4,3,C022_pow2_b_m_a_12,8,C001_pythagorean,metric,0.6213524089733462,False
50,0.4,3,C022_pow2_b_m_a_12,9,C050_root_F_v_s_41,root,0.6180544320127352,False
50,0.4,3,C022_pow2_b_m_a_12,10,C019_lin_b_c_m_9,linear,0.6136657062289492,False
50,0.4,4,C014_ratio_q_d_F_4,1,C014_ratio_q_d_F_4,ratio,0.9118711116598183,True
50,0.4,4,C014_ratio_q_d_F_4,2,C040_ratio_q_b_s_31,ratio,0.7697704704161655,False
50,0.4,4,C014_ratio_q_d_F_4,3,C023_ratio_c_z_s_13,ratio,0.7591874381732447,False
50,0.4,4,C014_ratio_q_d_F_4,4,C026_phys_t_F_16,physics,0.737304774435387,False
50,0.4,4,C014_ratio_q_d_F_4,5,C049_ratio_t_A_s_40,ratio,0.7170417985208944,False
50,0.4,4,C014_ratio_q_d_F_4,6,C034_phys_v_y_25,physics,0.7132413192342126,False
50,0.4,4,C014_ratio_q_d_F_4,7,C020_lin_re_E_t_F_10,linear,0.6721014906908298,False
50,0.4,4,C014_ratio_q_d_F_4,8,C032_ratio_v_F_E_22,ratio,0.6613219010383935,False
50,0.4,4,C014_ratio_q_d_F_4,9,C019_lin_b_c_m_9,linear,0.6487165408243952,False
50,0.4,4,C014_ratio_q_d_F_4,10,C029_lin_re_x_q_A_19,linear,0.634783016505129,False
50,0.4,5,C001_pythagorean,1,C001_pythagorean,metric,0.8691522966572927,True
50,0.4,5,C001_pythagorean,2,C039_pow2_x_z_b_30,power,0.8261842299136688,False
50,0.4,5,C001_pythagorean,3,C013_pow2_p_r_x_3,power,0.811949535345917,False
50,0.4,5,C001_pythagorean,4,C048_pow2_d_x_p_39,power,0.7985855034595609,False
50,0.4,5,C001_pythagorean,5,C022_pow2_b_m_a_12,power,0.7820801997386703,False
50,0.4,5,C001_pythagorean,6,C031_pow2_A_c_x_21,power,0.7761144882392517,False
50,0.4,5,C001_pythagorean,7,C027_poly_d_y_s_17,polynomial,0.7119350646717147,False
50,0.4,5,C001_pythagorean,8,C035_poly_p_q_E_26,polynomial,0.7067141677407073,False
50,0.4,5,C001_pythagorean,9,C044_poly_s_A_y_35,polynomial,0.7021020906276306,False
50,0.4,5,C001_pythagorean,10,C018_poly_s_p_c_8,polynomial,0.7004751174626245,False
50,0.4,6,C007_integral_x,1,C006_derivative_square,calculus,0.6641026342817758,False
50,0.4,6,C007_integral_x,2,C007_integral_x,calculus,0.6580015672245901,True
50,0.4,6,C007_integral_x,3,C029_lin_re_x_q_A_19,linear,0.5644681452151901,False
50,0.4,6,C007_integral_x,4,C023_ratio_c_z_s_13,ratio,0.5630755732534072,False
50,0.4,6,C007_integral_x,5,C008_division_zero,omega,0.5601611685617542,False
50,0.4,6,C007_integral_x,6,C003_energy,physics,0.5422943908607635,False
50,0.4,6,C007_integral_x,7,C043_phys_a_x_34,physics,0.5416194469618224,False
50,0.4,6,C007_integral_x,8,C039_pow2_x_z_b_30,power,0.5390881453464383,False
50,0.4,6,C007_integral_x,9,C001_pythagorean,metric,0.5315659921976302,False
50,0.4,6,C007_integral_x,10,C020_lin_re_E_t_F_10,linear,0.5282685909074738,False
50,0.4,7,C024_root_z_c_d_14,1,C024_root_z_c_d_14,root,0.8053498939619279,True
50,0.4,7,C024_root_z_c_d_14,2,C041_root_q_y_z_32,root,0.7834023015025551,False
50,0.4,7,C024_root_z_c_d_14,3,C033_root_v_m_x_23,root,0.7568757750565221,False
50,0.4,7,C024_root_z_c_d_14,4,C050_root_F_v_s_41,root,0.7497023547726892,False
50,0.4,7,C024_root_z_c_d_14,5,C015_root_F_E_v_5,root,0.7494207850199567,False
50,0.4,7,C024_root_z_c_d_14,6,C048_pow2_d_x_p_39,power,0.7230030688595551,False
50,0.4,7,C024_root_z_c_d_14,7,C039_pow2_x_z_b_30,power,0.7003767884694932,False
50,0.4,7,C024_root_z_c_d_14,8,C001_pythagorean,metric,0.6845189882397146,False
50,0.4,7,C024_root_z_c_d_14,9,C022_pow2_b_m_a_12,power,0.6706346967191975,False
50,0.4,7,C024_root_z_c_d_14,10,C031_pow2_A_c_x_21,power,0.6614503297407718,False
50,0.4,8,C043_phys_a_x_34,1,C011_lin_re_p_x_q_1,linear,0.6550532957070333,False
50,0.4,8,C043_phys_a_x_34,2,C004_force,physics,0.6541855664595622,False
50,0.4,8,C043_phys_a_x_34,3,C026_phys_t_F_16,physics,0.6461855378079995,False
50,0.4,8,C043_phys_a_x_34,4,C034_phys_v_y_25,physics,0.6422248099863987,False
50,0.4,8,C043_phys_a_x_34,5,C029_lin_re_x_q_A_19,linear,0.6420351697569434,False
50,0.4,8,C043_phys_a_x_34,6,C043_phys_a_x_34,physics,0.6315921546064621,True
50,0.4,8,C043_phys_a_x_34,7,C037_lin_re_A_E_t_28,linear,0.6207942745024503,False
50,0.4,8,C043_phys_a_x_34,8,C049_ratio_t_A_s_40,ratio,0.6194892889082037,False
50,0.4,8,C043_phys_a_x_34,9,C040_ratio_q_b_s_31,ratio,0.6066889915666825,False
50,0.4,8,C043_phys_a_x_34,10,C014_ratio_q_d_F_4,ratio,0.5895428888415133,False
50,0.4,9,C034_phys_v_y_25,1,C034_phys_v_y_25,physics,0.7344438993711614,True
50,0.4,9,C034_phys_v_y_25,2,C004_force,physics,0.6529685548943089,False
50,0.4,9,C034_phys_v_y_25,3,C026_phys_t_F_16,physics,0.6506723178691645,False
50,0.4,9,C034_phys_v_y_25,4,C028_lin_A_a_y_18,linear,0.6414916059184463,False
50,0.4,9,C034_phys_v_y_25,5,C049_ratio_t_A_s_40,ratio,0.6222346557666454,False
50,0.4,9,C034_phys_v_y_25,6,C037_lin_re_A_E_t_28,linear,0.6193659950200384,False
50,0.4,9,C034_phys_v_y_25,7,C040_ratio_q_b_s_31,ratio,0.6068415257177812,False
50,0.4,9,C034_phys_v_y_25,8,C029_lin_re_x_q_A_19,linear,0.5889910547113856,False
50,0.4,9,C034_phys_v_y_25,9,C014_ratio_q_d_F_4,ratio,0.5874377156459244,False
50,0.4,9,C034_phys_v_y_25,10,C011_lin_re_p_x_q_1,linear,0.5812262351484119,False
50,0.4,10,C006_derivative_square,1,C006_derivative_square,calculus,0.794744260155537,True
50,0.4,10,C006_derivative_square,2,C025_area_y_15,geometry,0.6632284686764265,False
50,0.4,10,C006_derivative_square,3,C005_area_circle,geometry,0.6613036270132011,False
50,0.4,10,C006_derivative_square,4,C042_area_q_33,geometry,0.6532464311485002,False
50,0.4,10,C006_derivative_square,5,C016_area_p_6,geometry,0.6502673177724603,False
50,0.4,10,C006_derivative_square,6,C039_pow2_x_z_b_30,power,0.6497334216210645,False
50,0.4,10,C006_derivative_square,7,C003_energy,physics,0.647194133704614,False
50,0.4,10,C006_derivative_square,8,C001_pythagorean,metric,0.6418329947613822,False
50,0.4,10,C006_derivative_square,9,C048_pow2_d_x_p_39,power,0.6230314075597276,False
50,0.4,10,C006_derivative_square,10,C043_phys_a_x_34,physics,0.6204201948740327,False
50,0.4,11,C036_lin_p_v_z_27,1,C010_lin_r_v_z_0,linear,0.8168320322375586,False
50,0.4,11,C036_lin_p_v_z_27,2,C036_lin_p_v_z_27,linear,0.8145862705092775,True
50,0.4,11,C036_lin_p_v_z_27,3,C045_lin_y_q_d_36,linear,0.7524537126064862,False
50,0.4,11,C036_lin_p_v_z_27,4,C012_solve_z_8_9_2,simple_solve,0.6978780063476094,False
50,0.4,11,C036_lin_p_v_z_27,5,C028_lin_A_a_y_18,linear,0.6841642433980981,False
50,0.4,11,C036_lin_p_v_z_27,6,C021_solve_E_7_7_11,simple_solve,0.679030126709033,False
50,0.4,11,C036_lin_p_v_z_27,7,C038_solve_c_9_3_29,simple_solve,0.6736154130123502,False
50,0.4,11,C036_lin_p_v_z_27,8,C047_solve_b_2_4_38,simple_solve,0.6715911587594611,False
50,0.4,11,C036_lin_p_v_z_27,9,C032_ratio_v_F_E_22,ratio,0.6224168226656822,False
50,0.4,11,C036_lin_p_v_z_27,10,C030_solve_F_4_9_20,simple_solve,0.6176327894729481,False
50,0.4,12,C031_pow2_A_c_x_21,1,C031_pow2_A_c_x_21,power,0.6352485898830107,True
50,0.4,12,C031_pow2_A_c_x_21,2,C019_lin_b_c_m_9,linear,0.6159778198681232,False
50,0.4,12,C031_pow2_A_c_x_21,3,C048_pow2_d_x_p_39,power,0.5847676409869405,False
50,0.4,12,C031_pow2_A_c_x_21,4,C001_pythagorean,metric,0.5694982363457145,False
50,0.4,12,C031_pow2_A_c_x_21,5,C023_ratio_c_z_s_13,ratio,0.5644173646734995,False
50,0.4,12,C031_pow2_A_c_x_21,6,C039_pow2_x_z_b_30,power,0.5641034941197183,False
50,0.4,12,C031_pow2_A_c_x_21,7,C029_lin_re_x_q_A_19,linear,0.5594685404529723,False
50,0.4,12,C031_pow2_A_c_x_21,8,C013_pow2_p_r_x_3,power,0.5574088945608326,False
50,0.4,12,C031_pow2_A_c_x_21,9,C022_pow2_b_m_a_12,power,0.550918127675527,False
50,0.4,12,C031_pow2_A_c_x_21,10,C002_circle_center,metric,0.5480480861741978,False
50,0.4,13,C049_ratio_t_A_s_40,1,C049_ratio_t_A_s_40,ratio,0.8507868351128993,True
50,0.4,13,C049_ratio_t_A_s_40,2,C032_ratio_v_F_E_22,ratio,0.7199916953341585,False
50,0.4,13,C049_ratio_t_A_s_40,3,C037_lin_re_A_E_t_28,linear,0.6718694155437207,False
50,0.4,13,C049_ratio_t_A_s_40,4,C028_lin_A_a_y_18,linear,0.6509883519969163,False
50,0.4,13,C049_ratio_t_A_s_40,5,C040_ratio_q_b_s_31,ratio,0.6432577704692302,False
50,0.4,13,C049_ratio_t_A_s_40,6,C014_ratio_q_d_F_4,ratio,0.6211143931173475,False
50,0.4,13,C049_ratio_t_A_s_40,7,C036_lin_p_v_z_27,linear,0.6075719636727148,False
50,0.4,13,C049_ratio_t_A_s_40,8,C023_ratio_c_z_s_13,ratio,0.6034820998773591,False
50,0.4,13,C049_ratio_t_A_s_40,9,C004_force,physics,0.5984083073723121,False
50,0.4,13,C049_ratio_t_A_s_40,10,C010_lin_r_v_z_0,linear,0.5982195794914749,False
50,0.4,14,C002_circle_center,1,C002_circle_center,metric,0.8488479865445308,True
50,0.4,14,C002_circle_center,2,C033_root_v_m_x_23,root,0.5221546600681645,False
50,0.4,14,C002_circle_center,3,C050_root_F_v_s_41,root,0.5040704194310824,False
50,0.4,14,C002_circle_center,4,C013_pow2_p_r_x_3,power,0.49595211454421334,False
50,0.4,14,C002_circle_center,5,C041_root_q_y_z_32,root,0.49352502232136186,False
50,0.4,14,C002_circle_center,6,C028_lin_A_a_y_18,linear,0.4794786543061995,False
50,0.4,14,C002_circle_center,7,C015_root_F_E_v_5,root,0.4785272442289865,False
50,0.4,14,C002_circle_center,8,C019_lin_b_c_m_9,linear,0.4778325690941722,False
50,0.4,14,C002_circle_center,9,C049_ratio_t_A_s_40,ratio,0.47457581066357474,False
50,0.4,14,C002_circle_center,10,C029_lin_re_x_q_A_19,linear,0.4728895854907935,False
50,0.4,15,C044_poly_s_A_y_35,1,C044_poly_s_A_y_35,polynomial,0.6696811672643044,True
50,0.4,15,C044_poly_s_A_y_35,2,C019_lin_b_c_m_9,linear,0.6104627737172337,False
50,0.4,15,C044_poly_s_A_y_35,3,C049_ratio_t_A_s_40,ratio,0.6039151159131851,False
50,0.4,15,C044_poly_s_A_y_35,4,C028_lin_A_a_y_18,linear,0.5960925976289657,False
50,0.4,15,C044_poly_s_A_y_35,5,C018_poly_s_p_c_8,polynomial,0.5924285091581621,False
50,0.4,15,C044_poly_s_A_y_35,6,C027_poly_d_y_s_17,polynomial,0.5880234024174502,False
50,0.4,15,C044_poly_s_A_y_35,7,C040_ratio_q_b_s_31,ratio,0.5760313568328266,False
50,0.4,15,C044_poly_s_A_y_35,8,C029_lin_re_x_q_A_19,linear,0.5694019985155568,False
50,0.4,15,C044_poly_s_A_y_35,9,C034_phys_v_y_25,physics,0.5671279124248054,False
50,0.4,15,C044_poly_s_A_y_35,10,C023_ratio_c_z_s_13,ratio,0.5596587872356873,False
50,0.4,16,C045_lin_y_q_d_36,1,C045_lin_y_q_d_36,linear,0.7993353448378737,True
50,0.4,16,C045_lin_y_q_d_36,2,C010_lin_r_v_z_0,linear,0.703916087224964,False
50,0.4,16,C045_lin_y_q_d_36,3,C036_lin_p_v_z_27,linear,0.6982040009939972,False
50,0.4,16,C045_lin_y_q_d_36,4,C021_solve_E_7_7_11,simple_solve,0.6705264498958562,False
50,0.4,16,C045_lin_y_q_d_36,5,C038_solve_c_9_3_29,simple_solve,0.6622544703384905,False
50,0.4,16,C045_lin_y_q_d_36,6,C047_solve_b_2_4_38,simple_solve,0.6613690423871533,False
50,0.4,16,C045_lin_y_q_d_36,7,C028_lin_A_a_y_18,linear,0.6429016774733404,False
50,0.4,16,C045_lin_y_q_d_36,8,C012_solve_z_8_9_2,simple_solve,0.6382100980592113,False
50,0.4,16,C045_lin_y_q_d_36,9,C043_phys_a_x_34,physics,0.6287698643773695,False
50,0.4,16,C045_lin_y_q_d_36,10,C017_phys_a_t_7,physics,0.621834310671751,False
50,0.4,17,C041_root_q_y_z_32,1,C024_root_z_c_d_14,root,0.7804610263619389,False
50,0.4,17,C041_root_q_y_z_32,2,C015_root_F_E_v_5,root,0.7541432625328357,False
50,0.4,17,C041_root_q_y_z_32,3,C041_root_q_y_z_32,root,0.7205407891598153,True
50,0.4,17,C041_root_q_y_z_32,4,C050_root_F_v_s_41,root,0.715429816421104,False
50,0.4,17,C041_root_q_y_z_32,5,C033_root_v_m_x_23,root,0.6997772296166193,False
50,0.4,17,C041_root_q_y_z_32,6,C022_pow2_b_m_a_12,power,0.6621405147525435,False
50,0.4,17,C041_root_q_y_z_32,7,C039_pow2_x_z_b_30,power,0.6537532330861658,False
50,0.4,17,C041_root_q_y_z_32,8,C013_pow2_p_r_x_3,power,0.6528148430617527,False
50,0.4,17,C041_root_q_y_z_32,9,C031_pow2_A_c_x_21,power,0.6516162173853796,False
50,0.4,17,C041_root_q_y_z_32,10,C001_pythagorean,metric,0.6471107753008761,False
50,0.4,18,C028_lin_A_a_y_18,1,C028_lin_A_a_y_18,linear,0.7621148047496806,True
50,0.4,18,C028_lin_A_a_y_18,2,C019_lin_b_c_m_9,linear,0.7268007475478172,False
50,0.4,18,C028_lin_A_a_y_18,3,C049_ratio_t_A_s_40,ratio,0.6372943649095519,False
50,0.4,18,C028_lin_A_a_y_18,4,C036_lin_p_v_z_27,linear,0.6351315798466104,False
50,0.4,18,C028_lin_A_a_y_18,5,C010_lin_r_v_z_0,linear,0.6324020128534505,False
50,0.4,18,C028_lin_A_a_y_18,6,C040_ratio_q_b_s_31,ratio,0.6320895204178464,False
50,0.4,18,C028_lin_A_a_y_18,7,C014_ratio_q_d_F_4,ratio,0.6116111513275522,False
50,0.4,18,C028_lin_A_a_y_18,8,C004_force,physics,0.606094586533492,False
50,0.4,18,C028_lin_A_a_y_18,9,C023_ratio_c_z_s_13,ratio,0.5987942079963211,False
50,0.4,18,C028_lin_A_a_y_18,10,C045_lin_y_q_d_36,linear,0.5962694596683679,False
50,0.4,19,C042_area_q_33,1,C042_area_q_33,geometry,0.8193139300429116,True
50,0.4,19,C042_area_q_33,2,C016_area_p_6,geometry,0.7542388811960169,False
50,0.4,19,C042_area_q_33,3,C005_area_circle,geometry,0.7526612825752682,False
50,0.4,19,C042_area_q_33,4,C025_area_y_15,geometry,0.7500137567171692,False
50,0.4,19,C042_area_q_33,5,C003_energy,physics,0.6844840355721997,False
50,0.4,19,C042_area_q_33,6,C035_poly_p_q_E_26,polynomial,0.5901948799971504,False
50,0.4,19,C042_area_q_33,7,C039_pow2_x_z_b_30,power,0.5887428681326559,False
50,0.4,19,C042_area_q_33,8,C022_pow2_b_m_a_12,power,0.5885635494783997,False
50,0.4,19,C042_area_q_33,9,C001_pythagorean,metric,0.5873513360937905,False
50,0.4,19,C042_area_q_33,10,C045_lin_y_q_d_36,linear,0.5869398654222666,False
50,0.4,20,C005_area_circle,1,C042_area_q_33,geometry,0.8448002088246738,False
50,0.4,20,C005_area_circle,2,C016_area_p_6,geometry,0.8429818806416085,False
50,0.4,20,C005_area_circle,3,C005_area_circle,geometry,0.8417236401914632,True
50,0.4,20,C005_area_circle,4,C025_area_y_15,geometry,0.8392749735909749,False
50,0.4,20,C005_area_circle,5,C003_energy,physics,0.7394432514068403,False
50,0.4,20,C005_area_circle,6,C022_pow2_b_m_a_12,power,0.6563697215529843,False
50,0.4,20,C005_area_circle,7,C039_pow2_x_z_b_30,power,0.6532032412188794,False
50,0.4,20,C005_area_circle,8,C001_pythagorean,metric,0.6514647951973352,False
50,0.4,20,C005_area_circle,9,C048_pow2_d_x_p_39,power,0.6413584604296981,False
50,0.4,20,C005_area_circle,10,C031_pow2_A_c_x_21,power,0.6357366358760649,False
50,0.4,21,C027_poly_d_y_s_17,1,C027_poly_d_y_s_17,polynomial,0.9352133873114289,True
50,0.4,21,C027_poly_d_y_s_17,2,C044_poly_s_A_y_35,polynomial,0.8474085417805037,False
50,0.4,21,C027_poly_d_y_s_17,3,C018_poly_s_p_c_8,polynomial,0.8176094287980609,False
50,0.4,21,C027_poly_d_y_s_17,4,C035_poly_p_q_E_26,polynomial,0.7960310455787176,False
50,0.4,21,C027_poly_d_y_s_17,5,C045_lin_y_q_d_36,linear,0.7326328247247827,False
50,0.4,21,C027_poly_d_y_s_17,6,C001_pythagorean,metric,0.732312249623505,False
50,0.4,21,C027_poly_d_y_s_17,7,C048_pow2_d_x_p_39,power,0.713952412406648,False
50,0.4,21,C027_poly_d_y_s_17,8,C022_pow2_b_m_a_12,power,0.7108385804999409,False
50,0.4,21,C027_poly_d_y_s_17,9,C039_pow2_x_z_b_30,power,0.7067043036539694,False
50,0.4,21,C027_poly_d_y_s_17,10,C024_root_z_c_d_14,root,0.7018743841558591,False
50,0.4,22,C033_root_v_m_x_23,1,C033_root_v_m_x_23,root,0.8158482221644148,True
50,0.4,22,C033_root_v_m_x_23,2,C050_root_F_v_s_41,root,0.7323379176687035,False
50,0.4,22,C033_root_v_m_x_23,3,C015_root_F_E_v_5,root,0.7033164702278021,False
50,0.4,22,C033_root_v_m_x_23,4,C041_root_q_y_z_32,root,0.7022694998248644,False
50,0.4,22,C033_root_v_m_x_23,5,C048_pow2_d_x_p_39,power,0.6210836369928576,False
50,0.4,22,C033_root_v_m_x_23,6,C013_pow2_p_r_x_3,power,0.6175269321010727,False
50,0.4,22,C033_root_v_m_x_23,7,C031_pow2_A_c_x_21,power,0.6120720242636357,False
50,0.4,22,C033_root_v_m_x_23,8,C007_integral_x,calculus,0.6019004875981627,False
50,0.4,22,C033_root_v_m_x_23,9,C024_root_z_c_d_14,root,0.5979507187786801,False
50,0.4,22,C033_root_v_m_x_23,10,C001_pythagorean,metric,0.5923854466765978,False
50,0.4,23,C023_ratio_c_z_s_13,1,C023_ratio_c_z_s_13,ratio,0.799322884469654,True
50,0.4,23,C023_ratio_c_z_s_13,2,C014_ratio_q_d_F_4,ratio,0.6899044939399573,False
50,0.4,23,C023_ratio_c_z_s_13,3,C040_ratio_q_b_s_31,ratio,0.689716434150133,False
50,0.4,23,C023_ratio_c_z_s_13,4,C049_ratio_t_A_s_40,ratio,0.6432650360021113,False
50,0.4,23,C023_ratio_c_z_s_13,5,C019_lin_b_c_m_9,linear,0.6384542067154131,False
50,0.4,23,C023_ratio_c_z_s_13,6,C034_phys_v_y_25,physics,0.6258995657033228,False
50,0.4,23,C023_ratio_c_z_s_13,7,C026_phys_t_F_16,physics,0.6165284706615207,False
50,0.4,23,C023_ratio_c_z_s_13,8,C029_lin_re_x_q_A_19,linear,0.5900850126211146,False
50,0.4,23,C023_ratio_c_z_s_13,9,C020_lin_re_E_t_F_10,linear,0.5872271815913398,False
50,0.4,23,C023_ratio_c_z_s_13,10,C008_division_zero,omega,0.5651409776233444,False
50,0.4,24,C040_ratio_q_b_s_31,1,C032_ratio_v_F_E_22,ratio,0.6832409430437789,False
50,0.4,24,C040_ratio_q_b_s_31,2,C040_ratio_q_b_s_31,ratio,0.6690468330494763,True
50,0.4,24,C040_ratio_q_b_s_31,3,C014_ratio_q_d_F_4,ratio,0.6630140065418109,False
50,0.4,24,C040_ratio_q_b_s_31,4,C023_ratio_c_z_s_13,ratio,0.6475833843226828,False
50,0.4,24,C040_ratio_q_b_s_31,5,C045_lin_y_q_d_36,linear,0.647348837874011,False
50,0.4,24,C040_ratio_q_b_s_31,6,C049_ratio_t_A_s_40,ratio,0.6296871293827031,False
50,0.4,24,C040_ratio_q_b_s_31,7,C010_lin_r_v_z_0,linear,0.5917867016973042,False
50,0.4,24,C040_ratio_q_b_s_31,8,C036_lin_p_v_z_27,linear,0.5838653597043376,False
50,0.4,24,C040_ratio_q_b_s_31,9,C043_phys_a_x_34,physics,0.5712353526282389,False
50,0.4,24,C040_ratio_q_b_s_31,10,C008_division_zero,omega,0.5649495188746301,False
50,0.4,25,C017_phys_a_t_7,1,C043_phys_a_x_34,physics,0.7875525437089276,False
50,0.4,25,C017_phys_a_t_7,2,C017_phys_a_t_7,physics,0.7853927987746583,True
50,0.4,25,C017_phys_a_t_7,3,C004_force,physics,0.6819374244349334,False
50,0.4,25,C017_phys_a_t_7,4,C045_lin_y_q_d_36,linear,0.6188848421108156,False
50,0.4,25,C017_phys_a_t_7,5,C010_lin_r_v_z_0,linear,0.5984447385106554,False
50,0.4,25,C017_phys_a_t_7,6,C028_lin_A_a_y_18,linear,0.5938809576735268,False
50,0.4,25,C017_phys_a_t_7,7,C036_lin_p_v_z_27,linear,0.5938613850658865,False
50,0.4,25,C017_phys_a_t_7,8,C011_lin_re_p_x_q_1,linear,0.5879202118186405,False
50,0.4,25,C017_phys_a_t_7,9,C032_ratio_v_F_E_22,ratio,0.5866976041583318,False
50,0.4,25,C017_phys_a_t_7,10,C046_lin_re_F_d_t_37,linear,0.5823539077562402,False
50,0.4,26,C032_ratio_v_F_E_22,1,C032_ratio_v_F_E_22,ratio,0.7824111526615545,True
50,0.4,26,C032_ratio_v_F_E_22,2,C045_lin_y_q_d_36,linear,0.632088289755461,False
50,0.4,26,C032_ratio_v_F_E_22,3,C014_ratio_q_d_F_4,ratio,0.6191958317008825,False
50,0.4,26,C032_ratio_v_F_E_22,4,C023_ratio_c_z_s_13,ratio,0.6149873510666634,False
50,0.4,26,C032_ratio_v_F_E_22,5,C021_solve_E_7_7_11,simple_solve,0.6125567090175789,False
50,0.4,26,C032_ratio_v_F_E_22,6,C010_lin_r_v_z_0,linear,0.6084436153029845,False
50,0.4,26,C032_ratio_v_F_E_22,7,C036_lin_p_v_z_27,linear,0.6057902165355675,False
50,0.4,26,C032_ratio_v_F_E_22,8,C040_ratio_q_b_s_31,ratio,0.6021886337046257,False
50,0.4,26,C032_ratio_v_F_E_22,9,C008_division_zero,omega,0.6010917042644118,False
50,0.4,26,C032_ratio_v_F_E_22,10,C043_phys_a_x_34,physics,0.6000978955351949,False
50,0.4,27,C012_solve_z_8_9_2,1,C012_solve_z_8_9_2,simple_solve,0.7015704231026284,True
50,0.4,27,C012_solve_z_8_9_2,2,C019_lin_b_c_m_9,linear,0.6993192564414519,False
50,0.4,27,C012_solve_z_8_9_2,3,C028_lin_A_a_y_18,linear,0.6495901467625299,False
50,0.4,27,C012_solve_z_8_9_2,4,C010_lin_r_v_z_0,linear,0.6267911043909938,False
50,0.4,27,C012_solve_z_8_9_2,5,C036_lin_p_v_z_27,linear,0.6254097702700947,False
50,0.4,27,C012_solve_z_8_9_2,6,C023_ratio_c_z_s_13,ratio,0.6072410753350606,False
50,0.4,27,C012_solve_z_8_9_2,7,C030_solve_F_4_9_20,simple_solve,0.5974737427804043,False
50,0.4,27,C012_solve_z_8_9_2,8,C049_ratio_t_A_s_40,ratio,0.5905392982533897,False
50,0.4,27,C012_solve_z_8_9_2,9,C040_ratio_q_b_s_31,ratio,0.5871554570873017,False
50,0.4,27,C012_solve_z_8_9_2,10,C014_ratio_q_d_F_4,ratio,0.5710681284178167,False
100,0.0,0,C094_poly_b_m_s_89,1,C094_poly_b_m_s_89,polynomial,0.9999999999999999,True
100,0.0,0,C094_poly_b_m_s_89,2,C070_poly_m_b_p_62,polynomial,0.9241166177912413,False
100,0.0,0,C094_poly_b_m_s_89,3,C027_poly_d_y_s_17,polynomial,0.8894352614986236,False
100,0.0,0,C094_poly_b_m_s_89,4,C061_poly_z_y_m_53,polynomial,0.8821066233580553,False
100,0.0,0,C094_poly_b_m_s_89,5,C044_poly_s_A_y_35,polynomial,0.8727978989609915,False
100,0.0,0,C094_poly_b_m_s_89,6,C018_poly_s_p_c_8,polynomial,0.8710649838000964,False
100,0.0,0,C094_poly_b_m_s_89,7,C086_poly_v_s_x_80,polynomial,0.8642606269984247,False
100,0.0,0,C094_poly_b_m_s_89,8,C052_poly_c_q_t_44,polynomial,0.858705585893943,False
100,0.0,0,C094_poly_b_m_s_89,9,C078_poly_v_y_A_71,polynomial,0.8444783459168447,False
100,0.0,0,C094_poly_b_m_s_89,10,C035_poly_p_q_E_26,polynomial,0.8432313435927045,False
100,0.0,1,C060_phys_m_t_52,1,C060_phys_m_t_52,physics,1.0,True
100,0.0,1,C060_phys_m_t_52,2,C004_force,physics,0.8763298691924819,False
100,0.0,1,C060_phys_m_t_52,3,C017_phys_a_t_7,physics,0.8351609742250287,False
100,0.0,1,C060_phys_m_t_52,4,C051_phys_q_F_43,physics,0.7691188478176896,False
100,0.0,1,C060_phys_m_t_52,5,C093_phys_F_y_88,physics,0.7648634730276713,False
100,0.0,1,C060_phys_m_t_52,6,C069_phys_c_d_61,physics,0.7585324632309226,False
100,0.0,1,C060_phys_m_t_52,7,C026_phys_t_F_16,physics,0.7571412384215646,False
100,0.0,1,C060_phys_m_t_52,8,C085_phys_q_A_79,physics,0.7497646654123808,False
100,0.0,1,C060_phys_m_t_52,9,C043_phys_a_x_34,physics,0.7346259818588153,False
100,0.0,1,C060_phys_m_t_52,10,C046_lin_re_F_d_t_37,linear,0.7225825852746259,False
100,0.0,2,C034_phys_v_y_25,1,C034_phys_v_y_25,physics,1.0,True
100,0.0,2,C034_phys_v_y_25,2,C093_phys_F_y_88,physics,0.8556788928566528,False
100,0.0,2,C034_phys_v_y_25,3,C026_phys_t_F_16,physics,0.8243407734229993,False
100,0.0,2,C034_phys_v_y_25,4,C077_phys_s_c_70,physics,0.8113509958914937,False
100,0.0,2,C034_phys_v_y_25,5,C099_work_energy,physics,0.7956795154192636,False
100,0.0,2,C034_phys_v_y_25,6,C051_phys_q_F_43,physics,0.7790072122015823,False
100,0.0,2,C034_phys_v_y_25,7,C085_phys_q_A_79,physics,0.7704232490874809,False
100,0.0,2,C034_phys_v_y_25,8,C020_lin_re_E_t_F_10,linear,0.7270635931973137,False
100,0.0,2,C034_phys_v_y_25,9,C062_lin_x_r_v_54,linear,0.7186692293437603,False
100,0.0,2,C034_phys_v_y_25,10,C083_ratio_F_m_A_76,ratio,0.7186310779033775,False
100,0.0,3,C067_root_z_a_m_59,1,C067_root_z_a_m_59,root,0.9999999999999999,True
100,0.0,3,C067_root_z_a_m_59,2,C058_root_x_a_E_50,root,0.9207417388499034,False
100,0.0,3,C067_root_z_a_m_59,3,C024_root_z_c_d_14,root,0.9148753991657604,False
100,0.0,3,C067_root_z_a_m_59,4,C076_root_v_d_x_68,root,0.866513573422621,False
100,0.0,3,C067_root_z_a_m_59,5,C092_root_d_x_A_86,root,0.8594037946917913,False
100,0.0,3,C067_root_z_a_m_59,6,C041_root_q_y_z_32,root,0.8491092921612653,False
100,0.0,3,C067_root_z_a_m_59,7,C015_root_F_E_v_5,root,0.8393515420710587,False
100,0.0,3,C067_root_z_a_m_59,8,C033_root_v_m_x_23,root,0.8356761763782624,False
100,0.0,3,C067_root_z_a_m_59,9,C084_root_r_p_a_77,root,0.8067182374990478,False
100,0.0,3,C067_root_z_a_m_59,10,C050_root_F_v_s_41,root,0.8061634064897064,False
100,0.0,4,C044_poly_s_A_y_35,1,C044_poly_s_A_y_35,polynomial,0.9999999999999999,True
100,0.0,4,C044_poly_s_A_y_35,2,C018_poly_s_p_c_8,polynomial,0.9167932791545722,False
100,0.0,4,C044_poly_s_A_y_35,3,C078_poly_v_y_A_71,polynomial,0.9161749766433365,False
100,0.0,4,C044_poly_s_A_y_35,4,C027_poly_d_y_s_17,polynomial,0.8949838326151083,False
100,0.0,4,C044_poly_s_A_y_35,5,C086_poly_v_s_x_80,polynomial,0.8916096416444551,False
100,0.0,4,C044_poly_s_A_y_35,6,C094_poly_b_m_s_89,polynomial,0.8727978989609915,False
100,0.0,4,C044_poly_s_A_y_35,7,C061_poly_z_y_m_53,polynomial,0.8652629888764423,False
100,0.0,4,C044_poly_s_A_y_35,8,C035_poly_p_q_E_26,polynomial,0.8576079305285599,False
100,0.0,4,C044_poly_s_A_y_35,9,C070_poly_m_b_p_62,polynomial,0.8512831242498728,False
100,0.0,4,C044_poly_s_A_y_35,10,C052_poly_c_q_t_44,polynomial,0.8405590218522265,False
100,0.0,5,C027_poly_d_y_s_17,1,C027_poly_d_y_s_17,polynomial,0.9999999999999999,True
100,0.0,5,C027_poly_d_y_s_17,2,C044_poly_s_A_y_35,polynomial,0.8949838326151083,False
100,0.0,5,C027_poly_d_y_s_17,3,C061_poly_z_y_m_53,polynomial,0.8929796593551901,False
100,0.0,5,C027_poly_d_y_s_17,4,C094_poly_b_m_s_89,polynomial,0.8894352614986236,False
100,0.0,5,C027_poly_d_y_s_17,5,C078_poly_v_y_A_71,polynomial,0.8687980031958118,False
100,0.0,5,C027_poly_d_y_s_17,6,C018_poly_s_p_c_8,polynomial,0.8617963641153505,False
100,0.0,5,C027_poly_d_y_s_17,7,C052_poly_c_q_t_44,polynomial,0.8556583638467811,False
100,0.0,5,C027_poly_d_y_s_17,8,C086_poly_v_s_x_80,polynomial,0.8546739631042026,False
100,0.0,5,C027_poly_d_y_s_17,9,C070_poly_m_b_p_62,polynomial,0.8506651507305621,False
100,0.0,5,C027_poly_d_y_s_17,10,C035_poly_p_q_E_26,polynomial,0.835654309738406,False
100,0.0,6,C023_ratio_c_z_s_13,1,C023_ratio_c_z_s_13,ratio,0.9999999999999999,True
100,0.0,6,C023_ratio_c_z_s_13,2,C075_ratio_x_m_s_67,ratio,0.847421443039127,False
100,0.0,6,C023_ratio_c_z_s_13,3,C040_ratio_q_b_s_31,ratio,0.8122028648808207,False
100,0.0,6,C023_ratio_c_z_s_13,4,C057_ratio_t_c_q_49,ratio,0.78653640799473,False
100,0.0,6,C023_ratio_c_z_s_13,5,C083_ratio_F_m_A_76,ratio,0.7764105707662526,False
100,0.0,6,C023_ratio_c_z_s_13,6,C049_ratio_t_A_s_40,ratio,0.7702070863278381,False
100,0.0,6,C023_ratio_c_z_s_13,7,C091_ratio_p_y_q_85,ratio,0.7624736798152995,False
100,0.0,6,C023_ratio_c_z_s_13,8,C014_ratio_q_d_F_4,ratio,0.754833202634644,False
100,0.0,6,C023_ratio_c_z_s_13,9,C077_phys_s_c_70,physics,0.7544879761417421,False
100,0.0,6,C023_ratio_c_z_s_13,10,C088_lin_re_z_s_A_82,linear,0.7457715641707402,False
100,0.0,7,C040_ratio_q_b_s_31,1,C040_ratio_q_b_s_31,ratio,0.9999999999999999,True
100,0.0,7,C040_ratio_q_b_s_31,2,C014_ratio_q_d_F_4,ratio,0.8440522781187492,False
100,0.0,7,C040_ratio_q_b_s_31,3,C057_ratio_t_c_q_49,ratio,0.8314703683974703,False
100,0.0,7,C040_ratio_q_b_s_31,4,C091_ratio_p_y_q_85,ratio,0.8308186561498567,False
100,0.0,7,C040_ratio_q_b_s_31,5,C023_ratio_c_z_s_13,ratio,0.8122028648808207,False
100,0.0,7,C040_ratio_q_b_s_31,6,C075_ratio_x_m_s_67,ratio,0.8115074790477087,False
100,0.0,7,C040_ratio_q_b_s_31,7,C049_ratio_t_A_s_40,ratio,0.8099133244379016,False
100,0.0,7,C040_ratio_q_b_s_31,8,C083_ratio_F_m_A_76,ratio,0.7526344675654422,False
100,0.0,7,C040_ratio_q_b_s_31,9,C077_phys_s_c_70,physics,0.705963540966304,False
100,0.0,7,C040_ratio_q_b_s_31,10,C099_work_energy,physics,0.6966618633595502,False
100,0.0,8,C072_lin_re_v_E_c_64,1,C072_lin_re_v_E_c_64,linear,0.9999999999999999,True
100,0.0,8,C072_lin_re_v_E_c_64,2,C063_lin_re_m_y_E_55,linear,0.8181946336348217,False
100,0.0,8,C072_lin_re_v_E_c_64,3,C054_lin_re_F_q_y_46,linear,0.7787939240892502,False
100,0.0,8,C072_lin_re_v_E_c_64,4,C037_lin_re_A_E_t_28,linear,0.7778662501026619,False
100,0.0,8,C072_lin_re_v_E_c_64,5,C011_lin_re_p_x_q_1,linear,0.7641296145528865,False
100,0.0,8,C072_lin_re_v_E_c_64,6,C032_ratio_v_F_E_22,ratio,0.7447130269961674,False
100,0.0,8,C072_lin_re_v_E_c_64,7,C046_lin_re_F_d_t_37,linear,0.742361416896224,False
100,0.0,8,C072_lin_re_v_E_c_64,8,C069_phys_c_d_61,physics,0.7334892858175484,False
100,0.0,8,C072_lin_re_v_E_c_64,9,C010_lin_r_v_z_0,linear,0.6995446575967914,False
100,0.0,8,C072_lin_re_v_E_c_64,10,C080_lin_re_d_c_x_73,linear,0.6994755412697358,False
100,0.0,9,C073_solve_y_5_1_65,1,C073_solve_y_5_1_65,simple_solve,0.9999999999999999,True
100,0.0,9,C073_solve_y_5_1_65,2,C064_solve_y_2_1_56,simple_solve,0.9127506725523966,False
100,0.0,9,C073_solve_y_5_1_65,3,C081_solve_c_6_1_74,simple_solve,0.8459902487580743,False
100,0.0,9,C073_solve_y_5_1_65,4,C012_solve_z_8_9_2,simple_solve,0.7793187627278707,False
100,0.0,9,C073_solve_y_5_1_65,5,C038_solve_c_9_3_29,simple_solve,0.7709627652042089,False
100,0.0,9,C073_solve_y_5_1_65,6,C047_solve_b_2_4_38,simple_solve,0.7676324173946414,False
100,0.0,9,C073_solve_y_5_1_65,7,C089_solve_A_5_8_83,simple_solve,0.7553557558523206,False
100,0.0,9,C073_solve_y_5_1_65,8,C021_solve_E_7_7_11,simple_solve,0.7528862743907033,False
100,0.0,9,C073_solve_y_5_1_65,9,C045_lin_y_q_d_36,linear,0.730590359793785,False
100,0.0,9,C073_solve_y_5_1_65,10,C071_lin_y_q_z_63,linear,0.7209826691773416,False
100,0.0,10,C059_area_v_51,1,C059_area_v_51,geometry,0.9999999999999999,True
100,0.0,10,C059_area_v_51,2,C016_area_p_6,geometry,0.9267645465506743,False
100,0.0,10,C059_area_v_51,3,C042_area_q_33,geometry,0.9249977429330695,False
100,0.0,10,C059_area_v_51,4,C005_area_circle,geometry,0.9163400344614275,False
100,0.0,10,C059_area_v_51,5,C025_area_y_15,geometry,0.910008695137772,False
100,0.0,10,C059_area_v_51,6,C068_area_c_60,geometry,0.9088555076453827,False
100,0.0,10,C059_area_v_51,7,C100_area_d,geometry,0.9069566604042781,False
100,0.0,10,C059_area_v_51,8,C098_energy_v,physics,0.830478146395019,False
100,0.0,10,C059_area_v_51,9,C003_energy,physics,0.7694046606862235,False
100,0.0,10,C059_area_v_51,10,C031_pow2_A_c_x_21,power,0.7178005094514933,False
100,0.0,11,C018_poly_s_p_c_8,1,C018_poly_s_p_c_8,polynomial,0.9999999999999999,True
100,0.0,11,C018_poly_s_p_c_8,2,C044_poly_s_A_y_35,polynomial,0.9167932791545722,False
100,0.0,11,C018_poly_s_p_c_8,3,C086_poly_v_s_x_80,polynomial,0.8920311204319453,False
100,0.0,11,C018_poly_s_p_c_8,4,C035_poly_p_q_E_26,polynomial,0.8886647316014186,False
100,0.0,11,C018_poly_s_p_c_8,5,C070_poly_m_b_p_62,polynomial,0.8765154852966175,False
100,0.0,11,C018_poly_s_p_c_8,6,C094_poly_b_m_s_89,polynomial,0.8710649838000964,False
100,0.0,11,C018_poly_s_p_c_8,7,C052_poly_c_q_t_44,polynomial,0.8702155721179313,False
100,0.0,11,C018_poly_s_p_c_8,8,C027_poly_d_y_s_17,polynomial,0.8617963641153505,False
100,0.0,11,C018_poly_s_p_c_8,9,C078_poly_v_y_A_71,polynomial,0.8588410098569014,False
100,0.0,11,C018_poly_s_p_c_8,10,C061_poly_z_y_m_53,polynomial,0.8364976423326741,False
100,0.0,12,C057_ratio_t_c_q_49,1,C057_ratio_t_c_q_49,ratio,0.9999999999999999,True
100,0.0,12,C057_ratio_t_c_q_49,2,C091_ratio_p_y_q_85,ratio,0.8418465929814954,False
100,0.0,12,C057_ratio_t_c_q_49,3,C040_ratio_q_b_s_31,ratio,0.8314703683974703,False
100,0.0,12,C057_ratio_t_c_q_49,4,C049_ratio_t_A_s_40,ratio,0.8281799253142805,False
100,0.0,12,C057_ratio_t_c_q_49,5,C014_ratio_q_d_F_4,ratio,0.8148238513048448,False
100,0.0,12,C057_ratio_t_c_q_49,6,C023_ratio_c_z_s_13,ratio,0.78653640799473,False
100,0.0,12,C057_ratio_t_c_q_49,7,C075_ratio_x_m_s_67,ratio,0.7471973606529438,False
100,0.0,12,C057_ratio_t_c_q_49,8,C083_ratio_F_m_A_76,ratio,0.7306111209567088,False
100,0.0,12,C057_ratio_t_c_q_49,9,C019_lin_b_c_m_9,linear,0.7035974431149807,False
100,0.0,12,C057_ratio_t_c_q_49,10,C051_phys_q_F_43,physics,0.6994511834559204,False
100,0.0,13,C046_lin_re_F_d_t_37,1,C046_lin_re_F_d_t_37,linear,0.9999999999999999,True
100,0.0,13,C046_lin_re_F_d_t_37,2,C037_lin_re_A_E_t_28,linear,0.8296708304917758,False
100,0.0,13,C046_lin_re_F_d_t_37,3,C011_lin_re_p_x_q_1,linear,0.7788206610652748,False
100,0.0,13,C046_lin_re_F_d_t_37,4,C063_lin_re_m_y_E_55,linear,0.7725697335082895,False
100,0.0,13,C046_lin_re_F_d_t_37,5,C054_lin_re_F_q_y_46,linear,0.75691149161529,False
100,0.0,13,C046_lin_re_F_d_t_37,6,C069_phys_c_d_61,physics,0.7560677844681225,False
100,0.0,13,C046_lin_re_F_d_t_37,7,C017_phys_a_t_7,physics,0.7467740568627377,False
100,0.0,13,C046_lin_re_F_d_t_37,8,C072_lin_re_v_E_c_64,linear,0.742361416896224,False
100,0.0,13,C046_lin_re_F_d_t_37,9,C020_lin_re_E_t_F_10,linear,0.7366618271871725,False
100,0.0,13,C046_lin_re_F_d_t_37,10,C080_lin_re_d_c_x_73,linear,0.7260198073333747,False
100,0.0,14,C070_poly_m_b_p_62,1,C070_poly_m_b_p_62,polynomial,1.0,True
100,0.0,14,C070_poly_m_b_p_62,2,C094_poly_b_m_s_89,polynomial,0.9241166177912413,False
100,0.0,14,C070_poly_m_b_p_62,3,C061_poly_z_y_m_53,polynomial,0.8844470798633584,False
100,0.0,14,C070_poly_m_b_p_62,4,C035_poly_p_q_E_26,polynomial,0.882755195266568,False
100,0.0,14,C070_poly_m_b_p_62,5,C018_poly_s_p_c_8,polynomial,0.8765154852966175,False
100,0.0,14,C070_poly_m_b_p_62,6,C052_poly_c_q_t_44,polynomial,0.8571066919708973,False
100,0.0,14,C070_poly_m_b_p_62,7,C078_poly_v_y_A_71,polynomial,0.8527603983510404,False
100,0.0,14,C070_poly_m_b_p_62,8,C044_poly_s_A_y_35,polynomial,0.8512831242498728,False
100,0.0,14,C070_poly_m_b_p_62,9,C027_poly_d_y_s_17,polynomial,0.8506651507305621,False
100,0.0,14,C070_poly_m_b_p_62,10,C086_poly_v_s_x_80,polynomial,0.8480930600817006,False
100,0.0,15,C015_root_F_E_v_5,1,C015_root_F_E_v_5,root,0.9999999999999999,True
100,0.0,15,C015_root_F_E_v_5,2,C050_root_F_v_s_41,root,0.9409370791139519,False
100,0.0,15,C015_root_F_E_v_5,3,C076_root_v_d_x_68,root,0.9018378710464354,False
100,0.0,15,C015_root_F_E_v_5,4,C033_root_v_m_x_23,root,0.8988030444057379,False
100,0.0,15,C015_root_F_E_v_5,5,C041_root_q_y_z_32,root,0.8791865160035398,False
100,0.0,15,C015_root_F_E_v_5,6,C084_root_r_p_a_77,root,0.8583528240212779,False
100,0.0,15,C015_root_F_E_v_5,7,C058_root_x_a_E_50,root,0.8507709618144977,False
100,0.0,15,C015_root_F_E_v_5,8,C067_root_z_a_m_59,root,0.8393515420710587,False
100,0.0,15,C015_root_F_E_v_5,9,C024_root_z_c_d_14,root,0.8093375735567755,False
100,0.0,15,C015_root_F_E_v_5,10,C092_root_d_x_A_86,root,0.7874354309086468,False
100,0.0,16,C085_phys_q_A_79,1,C085_phys_q_A_79,physics,1.0,True
100,0.0,16,C085_phys_q_A_79,2,C051_phys_q_F_43,physics,0.924560917629299,False
100,0.0,16,C085_phys_q_A_79,3,C093_phys_F_y_88,physics,0.809720257753433,False
100,0.0,16,C085_phys_q_A_79,4,C026_phys_t_F_16,physics,0.8017950782448713,False
100,0.0,16,C085_phys_q_A_79,5,C077_phys_s_c_70,physics,0.7925153004346451,False
100,0.0,16,C085_phys_q_A_79,6,C034_phys_v_y_25,physics,0.7704232490874809,False
100,0.0,16,C085_phys_q_A_79,7,C087_lin_y_A_q_81,linear,0.758304987514539,False
100,0.0,16,C085_phys_q_A_79,8,C099_work_energy,physics,0.7581223054021003,False
100,0.0,16,C085_phys_q_A_79,9,C060_phys_m_t_52,physics,0.7497646654123808,False
100,0.0,16,C085_phys_q_A_79,10,C004_force,physics,0.725882919315803,False
100,0.0,17,C011_lin_re_p_x_q_1,1,C011_lin_re_p_x_q_1,linear,0.9999999999999999,True
100,0.0,17,C011_lin_re_p_x_q_1,2,C063_lin_re_m_y_E_55,linear,0.784366978425446,False
100,0.0,17,C011_lin_re_p_x_q_1,3,C054_lin_re_F_q_y_46,linear,0.7829417697357548,False
100,0.0,17,C011_lin_re_p_x_q_1,4,C046_lin_re_F_d_t_37,linear,0.7788206610652748,False
100,0.0,17,C011_lin_re_p_x_q_1,5,C037_lin_re_A_E_t_28,linear,0.7701138540233161,False
100,0.0,17,C011_lin_re_p_x_q_1,6,C072_lin_re_v_E_c_64,linear,0.7641296145528865,False
100,0.0,17,C011_lin_re_p_x_q_1,7,C029_lin_re_x_q_A_19,linear,0.7273163760417537,False
100,0.0,17,C011_lin_re_p_x_q_1,8,C080_lin_re_d_c_x_73,linear,0.7249736900509314,False
100,0.0,17,C011_lin_re_p_x_q_1,9,C043_phys_a_x_34,physics,0.6813193116315295,False
100,0.0,17,C011_lin_re_p_x_q_1,10,C036_lin_p_v_z_27,linear,0.6786057783382607,False
100,0.0,18,C047_solve_b_2_4_38,1,C047_solve_b_2_4_38,simple_solve,0.9999999999999999,True
100,0.0,18,C047_solve_b_2_4_38,2,C064_solve_y_2_1_56,simple_solve,0.8274052181988224,False
100,0.0,18,C047_solve_b_2_4_38,3,C055_solve_m_2_7_47,simple_solve,0.816586177385985,False
100,0.0,18,C047_solve_b_2_4_38,4,C038_solve_c_9_3_29,simple_solve,0.784749249062017,False
100,0.0,18,C047_solve_b_2_4_38,5,C081_solve_c_6_1_74,simple_solve,0.7776385838054986,False
100,0.0,18,C047_solve_b_2_4_38,6,C021_solve_E_7_7_11,simple_solve,0.7754190366318595,False
100,0.0,18,C047_solve_b_2_4_38,7,C073_solve_y_5_1_65,simple_solve,0.7676324173946414,False
100,0.0,18,C047_solve_b_2_4_38,8,C030_solve_F_4_9_20,simple_solve,0.7610131393197083,False
100,0.0,18,C047_solve_b_2_4_38,9,C012_solve_z_8_9_2,simple_solve,0.751044957178198,False
100,0.0,18,C047_solve_b_2_4_38,10,C089_solve_A_5_8_83,simple_solve,0.7275896623009797,False
100,0.0,19,C038_solve_c_9_3_29,1,C038_solve_c_9_3_29,simple_solve,1.0,True
100,0.0,19,C038_solve_c_9_3_29,2,C081_solve_c_6_1_74,simple_solve,0.8343289395944044,False
100,0.0,19,C038_solve_c_9_3_29,3,C012_solve_z_8_9_2,simple_solve,0.8059774309718843,False
100,0.0,19,C038_solve_c_9_3_29,4,C047_solve_b_2_4_38,simple_solve,0.784749249062017,False
100,0.0,19,C038_solve_c_9_3_29,5,C021_solve_E_7_7_11,simple_solve,0.7734447828991513,False
100,0.0,19,C038_solve_c_9_3_29,6,C064_solve_y_2_1_56,simple_solve,0.7728699891943935,False
100,0.0,19,C038_solve_c_9_3_29,7,C073_solve_y_5_1_65,simple_solve,0.7709627652042089,False
100,0.0,19,C038_solve_c_9_3_29,8,C030_solve_F_4_9_20,simple_solve,0.7497931058931042,False
100,0.0,19,C038_solve_c_9_3_29,9,C055_solve_m_2_7_47,simple_solve,0.7466150953897319,False
100,0.0,19,C038_solve_c_9_3_29,10,C089_solve_A_5_8_83,simple_solve,0.7143778794788869,False
100,0.0,20,C014_ratio_q_d_F_4,1,C014_ratio_q_d_F_4,ratio,0.9999999999999999,True
100,0.0,20,C014_ratio_q_d_F_4,2,C040_ratio_q_b_s_31,ratio,0.8440522781187492,False
100,0.0,20,C014_ratio_q_d_F_4,3,C091_ratio_p_y_q_85,ratio,0.824037372280863,False
100,0.0,20,C014_ratio_q_d_F_4,4,C057_ratio_t_c_q_49,ratio,0.8148238513048448,False
100,0.0,20,C014_ratio_q_d_F_4,5,C083_ratio_F_m_A_76,ratio,0.7937214933459257,False
100,0.0,20,C014_ratio_q_d_F_4,6,C023_ratio_c_z_s_13,ratio,0.754833202634644,False
100,0.0,20,C014_ratio_q_d_F_4,7,C075_ratio_x_m_s_67,ratio,0.751901965372101,False
100,0.0,20,C014_ratio_q_d_F_4,8,C049_ratio_t_A_s_40,ratio,0.7273305059191555,False
100,0.0,20,C014_ratio_q_d_F_4,9,C051_phys_q_F_43,physics,0.7180538734861536,False
100,0.0,20,C014_ratio_q_d_F_4,10,C032_ratio_v_F_E_22,ratio,0.6907050642167505,False
100,0.0,21,C010_lin_r_v_z_0,1,C010_lin_r_v_z_0,linear,1.0,True
100,0.0,21,C010_lin_r_v_z_0,2,C036_lin_p_v_z_27,linear,0.9099552627187841,False
100,0.0,21,C010_lin_r_v_z_0,3,C053_lin_t_v_z_45,linear,0.9077243553091195,False
100,0.0,21,C010_lin_r_v_z_0,4,C071_lin_y_q_z_63,linear,0.8383764588141174,False
100,0.0,21,C010_lin_r_v_z_0,5,C045_lin_y_q_d_36,linear,0.7763087847383733,False
100,0.0,21,C010_lin_r_v_z_0,6,C028_lin_A_a_y_18,linear,0.7568893322691183,False
100,0.0,21,C010_lin_r_v_z_0,7,C062_lin_x_r_v_54,linear,0.7189172307342762,False
100,0.0,21,C010_lin_r_v_z_0,8,C079_lin_s_y_a_72,linear,0.7182461640791913,False
100,0.0,21,C010_lin_r_v_z_0,9,C032_ratio_v_F_E_22,ratio,0.7156437173402974,False
100,0.0,21,C010_lin_r_v_z_0,10,C072_lin_re_v_E_c_64,linear,0.6995446575967914,False
100,0.0,22,C062_lin_x_r_v_54,1,C062_lin_x_r_v_54,linear,0.9999999999999999,True
100,0.0,22,C062_lin_x_r_v_54,2,C019_lin_b_c_m_9,linear,0.7745560200328608,False
100,0.0,22,C062_lin_x_r_v_54,3,C075_ratio_x_m_s_67,ratio,0.7342961158734227,False
100,0.0,22,C062_lin_x_r_v_54,4,C087_lin_y_A_q_81,linear,0.720145118740763,False
100,0.0,22,C062_lin_x_r_v_54,5,C010_lin_r_v_z_0,linear,0.7189172307342762,False
100,0.0,22,C062_lin_x_r_v_54,6,C034_phys_v_y_25,physics,0.7186692293437603,False
100,0.0,22,C062_lin_x_r_v_54,7,C029_lin_re_x_q_A_19,linear,0.6945414760631431,False
100,0.0,22,C062_lin_x_r_v_54,8,C079_lin_s_y_a_72,linear,0.6895647306869523,False
100,0.0,22,C062_lin_x_r_v_54,9,C023_ratio_c_z_s_13,ratio,0.6840188172395362,False
100,0.0,22,C062_lin_x_r_v_54,10,C083_ratio_F_m_A_76,ratio,0.6835531443810415,False
100,0.0,23,C066_ratio_E_s_m_58,1,C066_ratio_E_s_m_58,ratio,1.0,True
100,0.0,23,C066_ratio_E_s_m_58,2,C075_ratio_x_m_s_67,ratio,0.78509223411681,False
100,0.0,23,C066_ratio_E_s_m_58,3,C032_ratio_v_F_E_22,ratio,0.7609897081441471,False
100,0.0,23,C066_ratio_E_s_m_58,4,C083_ratio_F_m_A_76,ratio,0.7431876120808544,False
100,0.0,23,C066_ratio_E_s_m_58,5,C023_ratio_c_z_s_13,ratio,0.7239555486159226,False
100,0.0,23,C066_ratio_E_s_m_58,6,C049_ratio_t_A_s_40,ratio,0.6809496614031204,False
100,0.0,23,C066_ratio_E_s_m_58,7,C040_ratio_q_b_s_31,ratio,0.6734492133334625,False
100,0.0,23,C066_ratio_E_s_m_58,8,C071_lin_y_q_z_63,linear,0.6639446357703265,False
100,0.0,23,C066_ratio_E_s_m_58,9,C045_lin_y_q_d_36,linear,0.6614568788636775,False
100,0.0,23,C066_ratio_E_s_m_58,10,C099_work_energy,physics,0.6525998705102595,False
100,0.0,24,C083_ratio_F_m_A_76,1,C083_ratio_F_m_A_76,ratio,0.9999999999999999,True
100,0.0,24,C083_ratio_F_m_A_76,2,C075_ratio_x_m_s_67,ratio,0.8349071091557928,False
100,0.0,24,C083_ratio_F_m_A_76,3,C014_ratio_q_d_F_4,ratio,0.7937214933459257,False
100,0.0,24,C083_ratio_F_m_A_76,4,C023_ratio_c_z_s_13,ratio,0.7764105707662526,False
100,0.0,24,C083_ratio_F_m_A_76,5,C091_ratio_p_y_q_85,ratio,0.7545061758718785,False
100,0.0,24,C083_ratio_F_m_A_76,6,C040_ratio_q_b_s_31,ratio,0.7526344675654422,False
100,0.0,24,C083_ratio_F_m_A_76,7,C066_ratio_E_s_m_58,ratio,0.7431876120808544,False
100,0.0,24,C083_ratio_F_m_A_76,8,C049_ratio_t_A_s_40,ratio,0.7354973739466901,False
100,0.0,24,C083_ratio_F_m_A_76,9,C057_ratio_t_c_q_49,ratio,0.7306111209567088,False
100,0.0,24,C083_ratio_F_m_A_76,10,C026_phys_t_F_16,physics,0.7190635306320954,False
100,0.0,25,C005_area_circle,1,C005_area_circle,geometry,1.0,True
100,0.0,25,C005_area_circle,2,C025_area_y_15,geometry,0.9263411736689761,False
100,0.0,25,C005_area_circle,3,C068_area_c_60,geometry,0.9244371220625242,False
100,0.0,25,C005_area_circle,4,C100_area_d,geometry,0.9238880831554407,False
100,0.0,25,C005_area_circle,5,C042_area_q_33,geometry,0.9202938036306546,False
100,0.0,25,C005_area_circle,6,C016_area_p_6,geometry,0.9189133309818142,False
100,0.0,25,C005_area_circle,7,C059_area_v_51,geometry,0.9163400344614275,False
100,0.0,25,C005_area_circle,8,C098_energy_v,physics,0.7807852069528619,False
100,0.0,25,C005_area_circle,9,C003_energy,physics,0.773177699449356,False
100,0.0,25,C005_area_circle,10,C095_metric_xzr,metric,0.7222169910014632,False
100,0.0,26,C017_phys_a_t_7,1,C017_phys_a_t_7,physics,1.0,True
100,0.0,26,C017_phys_a_t_7,2,C043_phys_a_x_34,physics,0.8768452290631286,False
100,0.0,26,C017_phys_a_t_7,3,C060_phys_m_t_52,physics,0.8351609742250287,False
100,0.0,26,C017_phys_a_t_7,4,C004_force,physics,0.8227997704451581,False
100,0.0,26,C017_phys_a_t_7,5,C069_phys_c_d_61,physics,0.7981838779006456,False
100,0.0,26,C017_phys_a_t_7,6,C046_lin_re_F_d_t_37,linear,0.7467740568627377,False
100,0.0,26,C017_phys_a_t_7,7,C026_phys_t_F_16,physics,0.7127433483365532,False
100,0.0,26,C017_phys_a_t_7,8,C032_ratio_v_F_E_22,ratio,0.7037672061262934,False
100,0.0,26,C017_phys_a_t_7,9,C054_lin_re_F_q_y_46,linear,0.6940223089904329,False
100,0.0,26,C017_phys_a_t_7,10,C053_lin_t_v_z_45,linear,0.6926623612067797,False
100,0.0,27,C077_phys_s_c_70,1,C077_phys_s_c_70,physics,0.9999999999999999,True
100,0.0,27,C077_phys_s_c_70,2,C099_work_energy,physics,0.8429609607258574,False
100,0.0,27,C077_phys_s_c_70,3,C026_phys_t_F_16,physics,0.8186914127098663,False
100,0.0,27,C077_phys_s_c_70,4,C034_phys_v_y_25,physics,0.8113509958914937,False
100,0.0,27,C077_phys_s_c_70,5,C051_phys_q_F_43,physics,0.8040494138018563,False
100,0.0,27,C077_phys_s_c_70,6,C093_phys_F_y_88,physics,0.7992633037114081,False
100,0.0,27,C077_phys_s_c_70,7,C085_phys_q_A_79,physics,0.7925153004346451,False
100,0.0,27,C077_phys_s_c_70,8,C023_ratio_c_z_s_13,ratio,0.7544879761417421,False
100,0.0,27,C077_phys_s_c_70,9,C088_lin_re_z_s_A_82,linear,0.7129109691377135,False
100,0.0,27,C077_phys_s_c_70,10,C020_lin_re_E_t_F_10,linear,0.7103785428545845,False
100,0.1,0,C019_lin_b_c_m_9,1,C019_lin_b_c_m_9,linear,0.8789174642530873,True
100,0.1,0,C019_lin_b_c_m_9,2,C062_lin_x_r_v_54,linear,0.7163325946506829,False
100,0.1,0,C019_lin_b_c_m_9,3,C087_lin_y_A_q_81,linear,0.7053774851822949,False
100,0.1,0,C019_lin_b_c_m_9,4,C057_ratio_t_c_q_49,ratio,0.6763087337604979,False
100,0.1,0,C019_lin_b_c_m_9,5,C023_ratio_c_z_s_13,ratio,0.6596355719222418,False
100,0.1,0,C019_lin_b_c_m_9,6,C077_phys_s_c_70,physics,0.6585606652743122,False
100,0.1,0,C019_lin_b_c_m_9,7,C040_ratio_q_b_s_31,ratio,0.6577450642003492,False
100,0.1,0,C019_lin_b_c_m_9,8,C028_lin_A_a_y_18,linear,0.6471762214619821,False
100,0.1,0,C019_lin_b_c_m_9,9,C091_ratio_p_y_q_85,ratio,0.6209698693450942,False
100,0.1,0,C019_lin_b_c_m_9,10,C075_ratio_x_m_s_67,ratio,0.6146482764823487,False
100,0.1,1,C085_phys_q_A_79,1,C085_phys_q_A_79,physics,1.0,True
100,0.1,1,C085_phys_q_A_79,2,C051_phys_q_F_43,physics,0.924560917629299,False
100,0.1,1,C085_phys_q_A_79,3,C093_phys_F_y_88,physics,0.809720257753433,False
100,0.1,1,C085_phys_q_A_79,4,C026_phys_t_F_16,physics,0.8017950782448713,False
100,0.1,1,C085_phys_q_A_79,5,C077_phys_s_c_70,physics,0.7925153004346451,False
100,0.1,1,C085_phys_q_A_79,6,C034_phys_v_y_25,physics,0.7704232490874809,False
100,0.1,1,C085_phys_q_A_79,7,C087_lin_y_A_q_81,linear,0.758304987514539,False
100,0.1,1,C085_phys_q_A_79,8,C099_work_energy,physics,0.7581223054021003,False
100,0.1,1,C085_phys_q_A_79,9,C060_phys_m_t_52,physics,0.7497646654123808,False
100,0.1,1,C085_phys_q_A_79,10,C004_force,physics,0.725882919315803,False
100,0.1,2,C047_solve_b_2_4_38,1,C047_solve_b_2_4_38,simple_solve,0.9999999999999999,True
100,0.1,2,C047_solve_b_2_4_38,2,C064_solve_y_2_1_56,simple_solve,0.8274052181988224,False
100,0.1,2,C047_solve_b_2_4_38,3,C055_solve_m_2_7_47,simple_solve,0.816586177385985,False
100,0.1,2,C047_solve_b_2_4_38,4,C038_solve_c_9_3_29,simple_solve,0.784749249062017,False
100,0.1,2,C047_solve_b_2_4_38,5,C081_solve_c_6_1_74,simple_solve,0.7776385838054986,False
100,0.1,2,C047_solve_b_2_4_38,6,C021_solve_E_7_7_11,simple_solve,0.7754190366318595,False
100,0.1,2,C047_solve_b_2_4_38,7,C073_solve_y_5_1_65,simple_solve,0.7676324173946414,False
100,0.1,2,C047_solve_b_2_4_38,8,C030_solve_F_4_9_20,simple_solve,0.7610131393197083,False
100,0.1,2,C047_solve_b_2_4_38,9,C012_solve_z_8_9_2,simple_solve,0.751044957178198,False
100,0.1,2,C047_solve_b_2_4_38,10,C089_solve_A_5_8_83,simple_solve,0.7275896623009797,False
100,0.1,3,C046_lin_re_F_d_t_37,1,C046_lin_re_F_d_t_37,linear,0.8452953877271926,True
100,0.1,3,C046_lin_re_F_d_t_37,2,C037_lin_re_A_E_t_28,linear,0.7226181010654932,False
100,0.1,3,C046_lin_re_F_d_t_37,3,C020_lin_re_E_t_F_10,linear,0.7005879385816841,False
100,0.1,3,C046_lin_re_F_d_t_37,4,C011_lin_re_p_x_q_1,linear,0.6812815889494769,False
100,0.1,3,C046_lin_re_F_d_t_37,5,C063_lin_re_m_y_E_55,linear,0.6733690398284544,False
100,0.1,3,C046_lin_re_F_d_t_37,6,C029_lin_re_x_q_A_19,linear,0.663968854332778,False
100,0.1,3,C046_lin_re_F_d_t_37,7,C088_lin_re_z_s_A_82,linear,0.6599773233398343,False
100,0.1,3,C046_lin_re_F_d_t_37,8,C072_lin_re_v_E_c_64,linear,0.6544074186039387,False
100,0.1,3,C046_lin_re_F_d_t_37,9,C080_lin_re_d_c_x_73,linear,0.6360134422512195,False
100,0.1,3,C046_lin_re_F_d_t_37,10,C017_phys_a_t_7,physics,0.6222192074011135,False
100,0.1,4,C096_metric_xyz,1,C096_metric_xyz,metric,0.9999999999999999,True
100,0.1,4,C096_metric_xyz,2,C001_pythagorean,metric,0.9483959821397929,False
100,0.1,4,C096_metric_xyz,3,C095_metric_xzr,metric,0.9404797204453438,False
100,0.1,4,C096_metric_xyz,4,C039_pow2_x_z_b_30,power,0.939386050966523,False
100,0.1,4,C096_metric_xyz,5,C097_metric_reordered,metric,0.9329497835377013,False
100,0.1,4,C096_metric_xyz,6,C090_pow2_a_z_x_84,power,0.9257155645670216,False
100,0.1,4,C096_metric_xyz,7,C074_pow2_v_x_z_66,power,0.8962353085600191,False
100,0.1,4,C096_metric_xyz,8,C065_pow2_a_p_z_57,power,0.8915652280557794,False
100,0.1,4,C096_metric_xyz,9,C048_pow2_d_x_p_39,power,0.8906983381381202,False
100,0.1,4,C096_metric_xyz,10,C031_pow2_A_c_x_21,power,0.8672576993609868,False
100,0.1,5,C052_poly_c_q_t_44,1,C052_poly_c_q_t_44,polynomial,0.8958886002389321,True
100,0.1,5,C052_poly_c_q_t_44,2,C035_poly_p_q_E_26,polynomial,0.7873753776500995,False
100,0.1,5,C052_poly_c_q_t_44,3,C018_poly_s_p_c_8,polynomial,0.7747378010639794,False
100,0.1,5,C052_poly_c_q_t_44,4,C094_poly_b_m_s_89,polynomial,0.761173843142466,False
100,0.1,5,C052_poly_c_q_t_44,5,C070_poly_m_b_p_62,polynomial,0.7607904004197181,False
100,0.1,5,C052_poly_c_q_t_44,6,C061_poly_z_y_m_53,polynomial,0.7605990861591948,False
100,0.1,5,C052_poly_c_q_t_44,7,C027_poly_d_y_s_17,polynomial,0.7601248388653088,False
100,0.1,5,C052_poly_c_q_t_44,8,C078_poly_v_y_A_71,polynomial,0.7504883390006787,False
100,0.1,5,C052_poly_c_q_t_44,9,C044_poly_s_A_y_35,polynomial,0.7476570708712813,False
100,0.1,5,C052_poly_c_q_t_44,10,C086_poly_v_s_x_80,polynomial,0.7432007369755659,False
100,0.1,6,C061_poly_z_y_m_53,1,C061_poly_z_y_m_53,polynomial,0.9999999999999999,True
100,0.1,6,C061_poly_z_y_m_53,2,C027_poly_d_y_s_17,polynomial,0.8929796593551901,False
100,0.1,6,C061_poly_z_y_m_53,3,C070_poly_m_b_p_62,polynomial,0.8844470798633584,False
100,0.1,6,C061_poly_z_y_m_53,4,C094_poly_b_m_s_89,polynomial,0.8821066233580553,False
100,0.1,6,C061_poly_z_y_m_53,5,C078_poly_v_y_A_71,polynomial,0.8730799076766583,False
100,0.1,6,C061_poly_z_y_m_53,6,C044_poly_s_A_y_35,polynomial,0.8652629888764423,False
100,0.1,6,C061_poly_z_y_m_53,7,C052_poly_c_q_t_44,polynomial,0.8553734511567107,False
100,0.1,6,C061_poly_z_y_m_53,8,C035_poly_p_q_E_26,polynomial,0.8404809375175615,False
100,0.1,6,C061_poly_z_y_m_53,9,C018_poly_s_p_c_8,polynomial,0.8364976423326741,False
100,0.1,6,C061_poly_z_y_m_53,10,C086_poly_v_s_x_80,polynomial,0.8342742437190923,False
100,0.1,7,C044_poly_s_A_y_35,1,C044_poly_s_A_y_35,polynomial,0.9999999999999999,True
100,0.1,7,C044_poly_s_A_y_35,2,C018_poly_s_p_c_8,polynomial,0.9167932791545722,False
100,0.1,7,C044_poly_s_A_y_35,3,C078_poly_v_y_A_71,polynomial,0.9161749766433365,False
100,0.1,7,C044_poly_s_A_y_35,4,C027_poly_d_y_s_17,polynomial,0.8949838326151083,False
100,0.1,7,C044_poly_s_A_y_35,5,C086_poly_v_s_x_80,polynomial,0.8916096416444551,False
100,0.1,7,C044_poly_s_A_y_35,6,C094_poly_b_m_s_89,polynomial,0.8727978989609915,False
100,0.1,7,C044_poly_s_A_y_35,7,C061_poly_z_y_m_53,polynomial,0.8652629888764423,False
100,0.1,7,C044_poly_s_A_y_35,8,C035_poly_p_q_E_26,polynomial,0.8576079305285599,False
100,0.1,7,C044_poly_s_A_y_35,9,C070_poly_m_b_p_62,polynomial,0.8512831242498728,False
100,0.1,7,C044_poly_s_A_y_35,10,C052_poly_c_q_t_44,polynomial,0.8405590218522265,False
100,0.1,8,C041_root_q_y_z_32,1,C041_root_q_y_z_32,root,0.8959023154929653,True
100,0.1,8,C041_root_q_y_z_32,2,C015_root_F_E_v_5,root,0.8318501673953989,False
100,0.1,8,C041_root_q_y_z_32,3,C076_root_v_d_x_68,root,0.82129526153775,False
100,0.1,8,C041_root_q_y_z_32,4,C050_root_F_v_s_41,root,0.8157464167060151,False
100,0.1,8,C041_root_q_y_z_32,5,C033_root_v_m_x_23,root,0.810181472090596,False
100,0.1,8,C041_root_q_y_z_32,6,C084_root_r_p_a_77,root,0.7944059531894645,False
100,0.1,8,C041_root_q_y_z_32,7,C067_root_z_a_m_59,root,0.7916319446205675,False
100,0.1,8,C041_root_q_y_z_32,8,C058_root_x_a_E_50,root,0.7794474357697903,False
100,0.1,8,C041_root_q_y_z_32,9,C024_root_z_c_d_14,root,0.7647031682151932,False
100,0.1,8,C041_root_q_y_z_32,10,C092_root_d_x_A_86,root,0.7555944265506078,False
100,0.1,9,C050_root_F_v_s_41,1,C050_root_F_v_s_41,root,0.9999999999999999,True
100,0.1,9,C050_root_F_v_s_41,2,C015_root_F_E_v_5,root,0.9409370791139519,False
100,0.1,9,C050_root_F_v_s_41,3,C033_root_v_m_x_23,root,0.9088509504862047,False
100,0.1,9,C050_root_F_v_s_41,4,C076_root_v_d_x_68,root,0.8876575154822055,False
100,0.1,9,C050_root_F_v_s_41,5,C041_root_q_y_z_32,root,0.8813470884960848,False
100,0.1,9,C050_root_F_v_s_41,6,C084_root_r_p_a_77,root,0.8772856579346349,False
100,0.1,9,C050_root_F_v_s_41,7,C067_root_z_a_m_59,root,0.8061634064897064,False
100,0.1,9,C050_root_F_v_s_41,8,C058_root_x_a_E_50,root,0.7916363430207272,False
100,0.1,9,C050_root_F_v_s_41,9,C082_pow2_q_r_s_75,power,0.7786543594689339,False
100,0.1,9,C050_root_F_v_s_41,10,C024_root_z_c_d_14,root,0.7755444218675809,False
100,0.1,10,C014_ratio_q_d_F_4,1,C014_ratio_q_d_F_4,ratio,0.7806507057065976,True
100,0.1,10,C014_ratio_q_d_F_4,2,C083_ratio_F_m_A_76,ratio,0.730088511102053,False
100,0.1,10,C014_ratio_q_d_F_4,3,C066_ratio_E_s_m_58,ratio,0.7096179331955035,False
100,0.1,10,C014_ratio_q_d_F_4,4,C032_ratio_v_F_E_22,ratio,0.6945365523897838,False
100,0.1,10,C014_ratio_q_d_F_4,5,C040_ratio_q_b_s_31,ratio,0.6853166828803483,False
100,0.1,10,C014_ratio_q_d_F_4,6,C091_ratio_p_y_q_85,ratio,0.6729586151323096,False
100,0.1,10,C014_ratio_q_d_F_4,7,C075_ratio_x_m_s_67,ratio,0.6500571136631793,False
100,0.1,10,C014_ratio_q_d_F_4,8,C057_ratio_t_c_q_49,ratio,0.6446886683148015,False
100,0.1,10,C014_ratio_q_d_F_4,9,C023_ratio_c_z_s_13,ratio,0.6434100272044943,False
100,0.1,10,C014_ratio_q_d_F_4,10,C045_lin_y_q_d_36,linear,0.6274658899502269,False
100,0.1,11,C054_lin_re_F_q_y_46,1,C054_lin_re_F_q_y_46,linear,0.8069184972129663,True
100,0.1,11,C054_lin_re_F_q_y_46,2,C051_phys_q_F_43,physics,0.7754635175872737,False
100,0.1,11,C054_lin_re_F_q_y_46,3,C085_phys_q_A_79,physics,0.7461861508704883,False
100,0.1,11,C054_lin_re_F_q_y_46,4,C029_lin_re_x_q_A_19,linear,0.7315123614107447,False
100,0.1,11,C054_lin_re_F_q_y_46,5,C080_lin_re_d_c_x_73,linear,0.7162193846562976,False
100,0.1,11,C054_lin_re_F_q_y_46,6,C011_lin_re_p_x_q_1,linear,0.7140993003644244,False
100,0.1,11,C054_lin_re_F_q_y_46,7,C046_lin_re_F_d_t_37,linear,0.7136305611956687,False
100,0.1,11,C054_lin_re_F_q_y_46,8,C020_lin_re_E_t_F_10,linear,0.7060799116049247,False
100,0.1,11,C054_lin_re_F_q_y_46,9,C037_lin_re_A_E_t_28,linear,0.704809146329174,False
100,0.1,11,C054_lin_re_F_q_y_46,10,C093_phys_F_y_88,physics,0.700847153494777,False
100,0.1,12,C042_area_q_33,1,C042_area_q_33,geometry,0.8891715867066068,True
100,0.1,12,C042_area_q_33,2,C016_area_p_6,geometry,0.820964592779931,False
100,0.1,12,C042_area_q_33,3,C059_area_v_51,geometry,0.8177499441141072,False
100,0.1,12,C042_area_q_33,4,C005_area_circle,geometry,0.817300590853179,False
100,0.1,12,C042_area_q_33,5,C025_area_y_15,geometry,0.8139246654297714,False
100,0.1,12,C042_area_q_33,6,C068_area_c_60,geometry,0.8109475506666406,False
100,0.1,12,C042_area_q_33,7,C100_area_d,geometry,0.8103961541186684,False
100,0.1,12,C042_area_q_33,8,C098_energy_v,physics,0.7301277806652617,False
100,0.1,12,C042_area_q_33,9,C003_energy,physics,0.7245472023795645,False
100,0.1,12,C042_area_q_33,10,C065_pow2_a_p_z_57,power,0.643366083060491,False
100,0.1,13,C022_pow2_b_m_a_12,1,C022_pow2_b_m_a_12,power,0.9084520055586431,True
100,0.1,13,C022_pow2_b_m_a_12,2,C039_pow2_x_z_b_30,power,0.8101021394652241,False
100,0.1,13,C022_pow2_b_m_a_12,3,C065_pow2_a_p_z_57,power,0.8038639748787512,False
100,0.1,13,C022_pow2_b_m_a_12,4,C090_pow2_a_z_x_84,power,0.8025482165236677,False
100,0.1,13,C022_pow2_b_m_a_12,5,C056_pow2_m_s_d_48,power,0.7951007181247489,False
100,0.1,13,C022_pow2_b_m_a_12,6,C096_metric_xyz,metric,0.7800549059623648,False
100,0.1,13,C022_pow2_b_m_a_12,7,C095_metric_xzr,metric,0.7794132478833177,False
100,0.1,13,C022_pow2_b_m_a_12,8,C094_poly_b_m_s_89,polynomial,0.7792644218458619,False
100,0.1,13,C022_pow2_b_m_a_12,9,C001_pythagorean,metric,0.7777358410830543,False
100,0.1,13,C022_pow2_b_m_a_12,10,C097_metric_reordered,metric,0.7750940266393024,False
100,0.1,14,C013_pow2_p_r_x_3,1,C013_pow2_p_r_x_3,power,0.8265771633511744,True
100,0.1,14,C013_pow2_p_r_x_3,2,C095_metric_xzr,metric,0.8024508253694892,False
100,0.1,14,C013_pow2_p_r_x_3,3,C001_pythagorean,metric,0.8012542498688681,False
100,0.1,14,C013_pow2_p_r_x_3,4,C097_metric_reordered,metric,0.7986201855153774,False
100,0.1,14,C013_pow2_p_r_x_3,5,C048_pow2_d_x_p_39,power,0.7897225655060409,False
100,0.1,14,C013_pow2_p_r_x_3,6,C039_pow2_x_z_b_30,power,0.7692249333155414,False
100,0.1,14,C013_pow2_p_r_x_3,7,C096_metric_xyz,metric,0.768409453223366,False
100,0.1,14,C013_pow2_p_r_x_3,8,C090_pow2_a_z_x_84,power,0.7672965326275409,False
100,0.1,14,C013_pow2_p_r_x_3,9,C065_pow2_a_p_z_57,power,0.7604593334699654,False
100,0.1,14,C013_pow2_p_r_x_3,10,C031_pow2_A_c_x_21,power,0.7385798735490764,False
100,0.1,15,C075_ratio_x_m_s_67,1,C075_ratio_x_m_s_67,ratio,0.9999999999999999,True
100,0.1,15,C075_ratio_x_m_s_67,2,C023_ratio_c_z_s_13,ratio,0.847421443039127,False
100,0.1,15,C075_ratio_x_m_s_67,3,C083_ratio_F_m_A_76,ratio,0.8349071091557928,False
100,0.1,15,C075_ratio_x_m_s_67,4,C040_ratio_q_b_s_31,ratio,0.8115074790477087,False
100,0.1,15,C075_ratio_x_m_s_67,5,C066_ratio_E_s_m_58,ratio,0.78509223411681,False
100,0.1,15,C075_ratio_x_m_s_67,6,C049_ratio_t_A_s_40,ratio,0.7727220500375316,False
100,0.1,15,C075_ratio_x_m_s_67,7,C091_ratio_p_y_q_85,ratio,0.7627306751331586,False
100,0.1,15,C075_ratio_x_m_s_67,8,C014_ratio_q_d_F_4,ratio,0.751901965372101,False
100,0.1,15,C075_ratio_x_m_s_67,9,C057_ratio_t_c_q_49,ratio,0.7471973606529438,False
100,0.1,15,C075_ratio_x_m_s_67,10,C062_lin_x_r_v_54,linear,0.7342961158734227,False
100,0.1,16,C068_area_c_60,1,C068_area_c_60,geometry,0.8619407596051696,True
100,0.1,16,C068_area_c_60,2,C025_area_y_15,geometry,0.7981584774974608,False
100,0.1,16,C068_area_c_60,3,C100_area_d,geometry,0.7965630453785801,False
100,0.1,16,C068_area_c_60,4,C005_area_circle,geometry,0.7960256745054961,False
100,0.1,16,C068_area_c_60,5,C042_area_q_33,geometry,0.7868823685800745,False
100,0.1,16,C068_area_c_60,6,C016_area_p_6,geometry,0.784073084261,False
100,0.1,16,C068_area_c_60,7,C059_area_v_51,geometry,0.7792765746836623,False
100,0.1,16,C068_area_c_60,8,C003_energy,physics,0.7196195708678321,False
100,0.1,16,C068_area_c_60,9,C098_energy_v,physics,0.6786470452240075,False
100,0.1,16,C068_area_c_60,10,C069_phys_c_d_61,physics,0.6060113990761956,False
100,0.1,17,C058_root_x_a_E_50,1,C058_root_x_a_E_50,root,0.8384175708165091,True
100,0.1,17,C058_root_x_a_E_50,2,C067_root_z_a_m_59,root,0.7967867326952012,False
100,0.1,17,C058_root_x_a_E_50,3,C024_root_z_c_d_14,root,0.7677496611878736,False
100,0.1,17,C058_root_x_a_E_50,4,C092_root_d_x_A_86,root,0.7537027193512789,False
100,0.1,17,C058_root_x_a_E_50,5,C015_root_F_E_v_5,root,0.7235775424685449,False
100,0.1,17,C058_root_x_a_E_50,6,C076_root_v_d_x_68,root,0.7202006949707194,False
100,0.1,17,C058_root_x_a_E_50,7,C041_root_q_y_z_32,root,0.6772689302240742,False
100,0.1,17,C058_root_x_a_E_50,8,C050_root_F_v_s_41,root,0.668838586864064,False
100,0.1,17,C058_root_x_a_E_50,9,C033_root_v_m_x_23,root,0.6667720628360903,False
100,0.1,17,C058_root_x_a_E_50,10,C084_root_r_p_a_77,root,0.6641818335563285,False
100,0.1,18,C015_root_F_E_v_5,1,C015_root_F_E_v_5,root,0.9999999999999999,True
100,0.1,18,C015_root_F_E_v_5,2,C050_root_F_v_s_41,root,0.9409370791139519,False
100,0.1,18,C015_root_F_E_v_5,3,C076_root_v_d_x_68,root,0.9018378710464354,False
100,0.1,18,C015_root_F_E_v_5,4,C033_root_v_m_x_23,root,0.8988030444057379,False
100,0.1,18,C015_root_F_E_v_5,5,C041_root_q_y_z_32,root,0.8791865160035398,False
100,0.1,18,C015_root_F_E_v_5,6,C084_root_r_p_a_77,root,0.8583528240212779,False
100,0.1,18,C015_root_F_E_v_5,7,C058_root_x_a_E_50,root,0.8507709618144977,False
100,0.1,18,C015_root_F_E_v_5,8,C067_root_z_a_m_59,root,0.8393515420710587,False
100,0.1,18,C015_root_F_E_v_5,9,C024_root_z_c_d_14,root,0.8093375735567755,False
100,0.1,18,C015_root_F_E_v_5,10,C092_root_d_x_A_86,root,0.7874354309086468,False
100,0.1,19,C084_root_r_p_a_77,1,C084_root_r_p_a_77,root,0.9999999999999999,True
100,0.1,19,C084_root_r_p_a_77,2,C033_root_v_m_x_23,root,0.8852639629776222,False
100,0.1,19,C084_root_r_p_a_77,3,C041_root_q_y_z_32,root,0.8773946562161288,False
100,0.1,19,C084_root_r_p_a_77,4,C050_root_F_v_s_41,root,0.8772856579346349,False
100,0.1,19,C084_root_r_p_a_77,5,C015_root_F_E_v_5,root,0.8583528240212779,False
100,0.1,19,C084_root_r_p_a_77,6,C076_root_v_d_x_68,root,0.8470975077370158,False
100,0.1,19,C084_root_r_p_a_77,7,C067_root_z_a_m_59,root,0.8067182374990478,False
100,0.1,19,C084_root_r_p_a_77,8,C058_root_x_a_E_50,root,0.7930514918114674,False
100,0.1,19,C084_root_r_p_a_77,9,C013_pow2_p_r_x_3,power,0.7582603871371454,False
100,0.1,19,C084_root_r_p_a_77,10,C082_pow2_q_r_s_75,power,0.7575800772975302,False
100,0.1,20,C072_lin_re_v_E_c_64,1,C072_lin_re_v_E_c_64,linear,0.9999999999999999,True
100,0.1,20,C072_lin_re_v_E_c_64,2,C063_lin_re_m_y_E_55,linear,0.8181946336348217,False
100,0.1,20,C072_lin_re_v_E_c_64,3,C054_lin_re_F_q_y_46,linear,0.7787939240892502,False
100,0.1,20,C072_lin_re_v_E_c_64,4,C037_lin_re_A_E_t_28,linear,0.7778662501026619,False
100,0.1,20,C072_lin_re_v_E_c_64,5,C011_lin_re_p_x_q_1,linear,0.7641296145528865,False
100,0.1,20,C072_lin_re_v_E_c_64,6,C032_ratio_v_F_E_22,ratio,0.7447130269961674,False
100,0.1,20,C072_lin_re_v_E_c_64,7,C046_lin_re_F_d_t_37,linear,0.742361416896224,False
100,0.1,20,C072_lin_re_v_E_c_64,8,C069_phys_c_d_61,physics,0.7334892858175484,False
100,0.1,20,C072_lin_re_v_E_c_64,9,C010_lin_r_v_z_0,linear,0.6995446575967914,False
100,0.1,20,C072_lin_re_v_E_c_64,10,C080_lin_re_d_c_x_73,linear,0.6994755412697358,False
100,0.1,21,C003_energy,1,C003_energy,physics,0.8889998557779419,True
100,0.1,21,C003_energy,2,C098_energy_v,physics,0.8061412462668369,False
100,0.1,21,C003_energy,3,C068_area_c_60,geometry,0.7766680526423854,False
100,0.1,21,C003_energy,4,C059_area_v_51,geometry,0.7273456818957094,False
100,0.1,21,C003_energy,5,C016_area_p_6,geometry,0.7266506316900092,False
100,0.1,21,C003_energy,6,C042_area_q_33,geometry,0.7258616190341367,False
100,0.1,21,C003_energy,7,C005_area_circle,geometry,0.7249599418488655,False
100,0.1,21,C003_energy,8,C025_area_y_15,geometry,0.7204010672947629,False
100,0.1,21,C003_energy,9,C100_area_d,geometry,0.7188183238850692,False
100,0.1,21,C003_energy,10,C022_pow2_b_m_a_12,power,0.6895099237520602,False
100,0.1,22,C070_poly_m_b_p_62,1,C070_poly_m_b_p_62,polynomial,0.883297458613891,True
100,0.1,22,C070_poly_m_b_p_62,2,C094_poly_b_m_s_89,polynomial,0.8557797154569324,False
100,0.1,22,C070_poly_m_b_p_62,3,C061_poly_z_y_m_53,polynomial,0.8110808448050074,False
100,0.1,22,C070_poly_m_b_p_62,4,C052_poly_c_q_t_44,polynomial,0.7788830625429629,False
100,0.1,22,C070_poly_m_b_p_62,5,C027_poly_d_y_s_17,polynomial,0.7741943862887712,False
100,0.1,22,C070_poly_m_b_p_62,6,C078_poly_v_y_A_71,polynomial,0.7725970606939911,False
100,0.1,22,C070_poly_m_b_p_62,7,C044_poly_s_A_y_35,polynomial,0.7718835812387794,False
100,0.1,22,C070_poly_m_b_p_62,8,C035_poly_p_q_E_26,polynomial,0.7712184081164379,False
100,0.1,22,C070_poly_m_b_p_62,9,C018_poly_s_p_c_8,polynomial,0.7707817473405394,False
100,0.1,22,C070_poly_m_b_p_62,10,C086_poly_v_s_x_80,polynomial,0.7692168990554734,False
100,0.1,23,C030_solve_F_4_9_20,1,C030_solve_F_4_9_20,simple_solve,0.8167887264709617,True
100,0.1,23,C030_solve_F_4_9_20,2,C012_solve_z_8_9_2,simple_solve,0.7535833977869343,False
100,0.1,23,C030_solve_F_4_9_20,3,C038_solve_c_9_3_29,simple_solve,0.7475157111939221,False
100,0.1,23,C030_solve_F_4_9_20,4,C021_solve_E_7_7_11,simple_solve,0.7136970613627781,False
100,0.1,23,C030_solve_F_4_9_20,5,C079_lin_s_y_a_72,linear,0.7065579667644659,False
100,0.1,23,C030_solve_F_4_9_20,6,C045_lin_y_q_d_36,linear,0.7014108729070752,False
100,0.1,23,C030_solve_F_4_9_20,7,C047_solve_b_2_4_38,simple_solve,0.699986294222171,False
100,0.1,23,C030_solve_F_4_9_20,8,C071_lin_y_q_z_63,linear,0.6940385675701274,False
100,0.1,23,C030_solve_F_4_9_20,9,C055_solve_m_2_7_47,simple_solve,0.6929802952918216,False
100,0.1,23,C030_solve_F_4_9_20,10,C081_solve_c_6_1_74,simple_solve,0.6914265341156947,False
100,0.1,24,C028_lin_A_a_y_18,1,C028_lin_A_a_y_18,linear,0.8787170178458293,True
100,0.1,24,C028_lin_A_a_y_18,2,C087_lin_y_A_q_81,linear,0.7432651116024472,False
100,0.1,24,C028_lin_A_a_y_18,3,C079_lin_s_y_a_72,linear,0.734129486068785,False
100,0.1,24,C028_lin_A_a_y_18,4,C071_lin_y_q_z_63,linear,0.7173114070624446,False
100,0.1,24,C028_lin_A_a_y_18,5,C045_lin_y_q_d_36,linear,0.7107202707895912,False
100,0.1,24,C028_lin_A_a_y_18,6,C010_lin_r_v_z_0,linear,0.7034746568396955,False
100,0.1,24,C028_lin_A_a_y_18,7,C053_lin_t_v_z_45,linear,0.7015893301644601,False
100,0.1,24,C028_lin_A_a_y_18,8,C036_lin_p_v_z_27,linear,0.7008390630029516,False
100,0.1,24,C028_lin_A_a_y_18,9,C004_force,physics,0.656064851730191,False
100,0.1,24,C028_lin_A_a_y_18,10,C093_phys_F_y_88,physics,0.6534569070259606,False
100,0.1,25,C078_poly_v_y_A_71,1,C078_poly_v_y_A_71,polynomial,0.8652766146253426,True
100,0.1,25,C078_poly_v_y_A_71,2,C044_poly_s_A_y_35,polynomial,0.7917087076649686,False
100,0.1,25,C078_poly_v_y_A_71,3,C086_poly_v_s_x_80,polynomial,0.7735665387755962,False
100,0.1,25,C078_poly_v_y_A_71,4,C027_poly_d_y_s_17,polynomial,0.7650789378710319,False
100,0.1,25,C078_poly_v_y_A_71,5,C061_poly_z_y_m_53,polynomial,0.764565422971426,False
100,0.1,25,C078_poly_v_y_A_71,6,C035_poly_p_q_E_26,polynomial,0.7472417469111317,False
100,0.1,25,C078_poly_v_y_A_71,7,C052_poly_c_q_t_44,polynomial,0.7421988209933182,False
100,0.1,25,C078_poly_v_y_A_71,8,C070_poly_m_b_p_62,polynomial,0.7419373447402814,False
100,0.1,25,C078_poly_v_y_A_71,9,C094_poly_b_m_s_89,polynomial,0.7389864718768732,False
100,0.1,25,C078_poly_v_y_A_71,10,C018_poly_s_p_c_8,polynomial,0.7373521334103953,False
100,0.1,26,C002_circle_center,1,C002_circle_center,metric,0.9999999999999999,True
100,0.1,26,C002_circle_center,2,C084_root_r_p_a_77,root,0.6936550529082923,False
100,0.1,26,C002_circle_center,3,C033_root_v_m_x_23,root,0.6414097167198888,False
100,0.1,26,C002_circle_center,4,C041_root_q_y_z_32,root,0.6363227507094014,False
100,0.1,26,C002_circle_center,5,C050_root_F_v_s_41,root,0.6182597818603187,False
100,0.1,26,C002_circle_center,6,C013_pow2_p_r_x_3,power,0.6167373760889913,False
100,0.1,26,C002_circle_center,7,C082_pow2_q_r_s_75,power,0.6093725770775913,False
100,0.1,26,C002_circle_center,8,C074_pow2_v_x_z_66,power,0.6034487195924993,False
100,0.1,26,C002_circle_center,9,C007_integral_x,calculus,0.5978097117178611,False
100,0.1,26,C002_circle_center,10,C001_pythagorean,metric,0.5916099420705053,False
100,0.1,27,C017_phys_a_t_7,1,C017_phys_a_t_7,physics,1.0,True
100,0.1,27,C017_phys_a_t_7,2,C043_phys_a_x_34,physics,0.8768452290631286,False
100,0.1,27,C017_phys_a_t_7,3,C060_phys_m_t_52,physics,0.8351609742250287,False
100,0.1,27,C017_phys_a_t_7,4,C004_force,physics,0.8227997704451581,False
100,0.1,27,C017_phys_a_t_7,5,C069_phys_c_d_61,physics,0.7981838779006456,False
100,0.1,27,C017_phys_a_t_7,6,C046_lin_re_F_d_t_37,linear,0.7467740568627377,False
100,0.1,27,C017_phys_a_t_7,7,C026_phys_t_F_16,physics,0.7127433483365532,False
100,0.1,27,C017_phys_a_t_7,8,C032_ratio_v_F_E_22,ratio,0.7037672061262934,False
100,0.1,27,C017_phys_a_t_7,9,C054_lin_re_F_q_y_46,linear,0.6940223089904329,False
100,0.1,27,C017_phys_a_t_7,10,C053_lin_t_v_z_45,linear,0.6926623612067797,False
100,0.25,0,C049_ratio_t_A_s_40,1,C049_ratio_t_A_s_40,ratio,0.8507868351128993,True
100,0.25,0,C049_ratio_t_A_s_40,2,C057_ratio_t_c_q_49,ratio,0.7320595379859949,False
100,0.25,0,C049_ratio_t_A_s_40,3,C032_ratio_v_F_E_22,ratio,0.7199916953341585,False
100,0.25,0,C049_ratio_t_A_s_40,4,C037_lin_re_A_E_t_28,linear,0.6718694155437207,False
100,0.25,0,C049_ratio_t_A_s_40,5,C053_lin_t_v_z_45,linear,0.6604186897541815,False
100,0.25,0,C049_ratio_t_A_s_40,6,C060_phys_m_t_52,physics,0.6577063339408996,False
100,0.25,0,C049_ratio_t_A_s_40,7,C087_lin_y_A_q_81,linear,0.65347577499534,False
100,0.25,0,C049_ratio_t_A_s_40,8,C028_lin_A_a_y_18,linear,0.6509883519969163,False
100,0.25,0,C049_ratio_t_A_s_40,9,C040_ratio_q_b_s_31,ratio,0.6432577704692302,False
100,0.25,0,C049_ratio_t_A_s_40,10,C066_ratio_E_s_m_58,ratio,0.642501140159547,False
100,0.25,1,C047_solve_b_2_4_38,1,C047_solve_b_2_4_38,simple_solve,0.6425443705300693,True
100,0.25,1,C047_solve_b_2_4_38,2,C055_solve_m_2_7_47,simple_solve,0.5712869392344412,False
100,0.25,1,C047_solve_b_2_4_38,3,C004_force,physics,0.5701535518240953,False
100,0.25,1,C047_solve_b_2_4_38,4,C060_phys_m_t_52,physics,0.5683146339028062,False
100,0.25,1,C047_solve_b_2_4_38,5,C064_solve_y_2_1_56,simple_solve,0.544924052304107,False
100,0.25,1,C047_solve_b_2_4_38,6,C093_phys_F_y_88,physics,0.5321130966760599,False
100,0.25,1,C047_solve_b_2_4_38,7,C069_phys_c_d_61,physics,0.5318071218892979,False
100,0.25,1,C047_solve_b_2_4_38,8,C028_lin_A_a_y_18,linear,0.5314800791195082,False
100,0.25,1,C047_solve_b_2_4_38,9,C051_phys_q_F_43,physics,0.518902591548002,False
100,0.25,1,C047_solve_b_2_4_38,10,C085_phys_q_A_79,physics,0.5168197955354753,False
100,0.25,2,C030_solve_F_4_9_20,1,C030_solve_F_4_9_20,simple_solve,1.0,True
100,0.25,2,C030_solve_F_4_9_20,2,C089_solve_A_5_8_83,simple_solve,0.7896216349870608,False
100,0.25,2,C030_solve_F_4_9_20,3,C012_solve_z_8_9_2,simple_solve,0.7708350417892093,False
100,0.25,2,C030_solve_F_4_9_20,4,C055_solve_m_2_7_47,simple_solve,0.7674474166741452,False
100,0.25,2,C030_solve_F_4_9_20,5,C047_solve_b_2_4_38,simple_solve,0.7610131393197083,False
100,0.25,2,C030_solve_F_4_9_20,6,C021_solve_E_7_7_11,simple_solve,0.7553341443297781,False
100,0.25,2,C030_solve_F_4_9_20,7,C038_solve_c_9_3_29,simple_solve,0.7497931058931042,False
100,0.25,2,C030_solve_F_4_9_20,8,C081_solve_c_6_1_74,simple_solve,0.7146968294979609,False
100,0.25,2,C030_solve_F_4_9_20,9,C079_lin_s_y_a_72,linear,0.7115170983910377,False
100,0.25,2,C030_solve_F_4_9_20,10,C073_solve_y_5_1_65,simple_solve,0.7052273726945186,False
100,0.25,3,C068_area_c_60,1,C068_area_c_60,geometry,0.889172991189782,True
100,0.25,3,C068_area_c_60,2,C025_area_y_15,geometry,0.8242411691377209,False
100,0.25,3,C068_area_c_60,3,C100_area_d,geometry,0.8234845602830221,False
100,0.25,3,C068_area_c_60,4,C005_area_circle,geometry,0.8205797274597895,False
100,0.25,3,C068_area_c_60,5,C042_area_q_33,geometry,0.808598335511876,False
100,0.25,3,C068_area_c_60,6,C016_area_p_6,geometry,0.806315472639348,False
100,0.25,3,C068_area_c_60,7,C059_area_v_51,geometry,0.8027655048089875,False
100,0.25,3,C068_area_c_60,8,C003_energy,physics,0.7798711636656337,False
100,0.25,3,C068_area_c_60,9,C098_energy_v,physics,0.7236282791828588,False
100,0.25,3,C068_area_c_60,10,C024_root_z_c_d_14,root,0.6609377688208012,False
100,0.25,4,C067_root_z_a_m_59,1,C067_root_z_a_m_59,root,0.9999999999999999,True
100,0.25,4,C067_root_z_a_m_59,2,C058_root_x_a_E_50,root,0.9207417388499034,False
100,0.25,4,C067_root_z_a_m_59,3,C024_root_z_c_d_14,root,0.9148753991657604,False
100,0.25,4,C067_root_z_a_m_59,4,C076_root_v_d_x_68,root,0.866513573422621,False
100,0.25,4,C067_root_z_a_m_59,5,C092_root_d_x_A_86,root,0.8594037946917913,False
100,0.25,4,C067_root_z_a_m_59,6,C041_root_q_y_z_32,root,0.8491092921612653,False
100,0.25,4,C067_root_z_a_m_59,7,C015_root_F_E_v_5,root,0.8393515420710587,False
100,0.25,4,C067_root_z_a_m_59,8,C033_root_v_m_x_23,root,0.8356761763782624,False
100,0.25,4,C067_root_z_a_m_59,9,C084_root_r_p_a_77,root,0.8067182374990478,False
100,0.25,4,C067_root_z_a_m_59,10,C050_root_F_v_s_41,root,0.8061634064897064,False
100,0.25,5,C031_pow2_A_c_x_21,1,C082_pow2_q_r_s_75,power,0.8408220990675316,False
100,0.25,5,C031_pow2_A_c_x_21,2,C074_pow2_v_x_z_66,power,0.8375380981305921,False
100,0.25,5,C031_pow2_A_c_x_21,3,C013_pow2_p_r_x_3,power,0.8371130467504209,False
100,0.25,5,C031_pow2_A_c_x_21,4,C031_pow2_A_c_x_21,power,0.8314036483569863,True
100,0.25,5,C031_pow2_A_c_x_21,5,C056_pow2_m_s_d_48,power,0.8233930687601385,False
100,0.25,5,C031_pow2_A_c_x_21,6,C065_pow2_a_p_z_57,power,0.8142604076910325,False
100,0.25,5,C031_pow2_A_c_x_21,7,C090_pow2_a_z_x_84,power,0.8071485128139467,False
100,0.25,5,C031_pow2_A_c_x_21,8,C048_pow2_d_x_p_39,power,0.8007302603637584,False
100,0.25,5,C031_pow2_A_c_x_21,9,C097_metric_reordered,metric,0.7982374958801197,False
100,0.25,5,C031_pow2_A_c_x_21,10,C022_pow2_b_m_a_12,power,0.7964673604293211,False
100,0.25,6,C073_solve_y_5_1_65,1,C073_solve_y_5_1_65,simple_solve,0.8282525940455021,True
100,0.25,6,C073_solve_y_5_1_65,2,C089_solve_A_5_8_83,simple_solve,0.7841803634569227,False
100,0.25,6,C073_solve_y_5_1_65,3,C081_solve_c_6_1_74,simple_solve,0.753903746552966,False
100,0.25,6,C073_solve_y_5_1_65,4,C064_solve_y_2_1_56,simple_solve,0.7404259335523113,False
100,0.25,6,C073_solve_y_5_1_65,5,C030_solve_F_4_9_20,simple_solve,0.7289601533054882,False
100,0.25,6,C073_solve_y_5_1_65,6,C021_solve_E_7_7_11,simple_solve,0.7053911227473484,False
100,0.25,6,C073_solve_y_5_1_65,7,C055_solve_m_2_7_47,simple_solve,0.7041268609168567,False
100,0.25,6,C073_solve_y_5_1_65,8,C012_solve_z_8_9_2,simple_solve,0.6849244732476157,False
100,0.25,6,C073_solve_y_5_1_65,9,C047_solve_b_2_4_38,simple_solve,0.6790701322583051,False
100,0.25,6,C073_solve_y_5_1_65,10,C038_solve_c_9_3_29,simple_solve,0.6679313271151258,False
100,0.25,7,C022_pow2_b_m_a_12,1,C065_pow2_a_p_z_57,power,0.8600546923621439,False
100,0.25,7,C022_pow2_b_m_a_12,2,C022_pow2_b_m_a_12,power,0.855500281213778,True
100,0.25,7,C022_pow2_b_m_a_12,3,C090_pow2_a_z_x_84,power,0.8540427816012696,False
100,0.25,7,C022_pow2_b_m_a_12,4,C013_pow2_p_r_x_3,power,0.8272120152040647,False
100,0.25,7,C022_pow2_b_m_a_12,5,C056_pow2_m_s_d_48,power,0.826561663945241,False
100,0.25,7,C022_pow2_b_m_a_12,6,C074_pow2_v_x_z_66,power,0.8254955035005896,False
100,0.25,7,C022_pow2_b_m_a_12,7,C031_pow2_A_c_x_21,power,0.8253485771964477,False
100,0.25,7,C022_pow2_b_m_a_12,8,C082_pow2_q_r_s_75,power,0.8215709014852924,False
100,0.25,7,C022_pow2_b_m_a_12,9,C097_metric_reordered,metric,0.809690712874365,False
100,0.25,7,C022_pow2_b_m_a_12,10,C048_pow2_d_x_p_39,power,0.8085113939953064,False
100,0.25,8,C045_lin_y_q_d_36,1,C071_lin_y_q_z_63,linear,0.802691116893085,False
100,0.25,8,C045_lin_y_q_d_36,2,C045_lin_y_q_d_36,linear,0.7925217228706729,True
100,0.25,8,C045_lin_y_q_d_36,3,C036_lin_p_v_z_27,linear,0.7510946246860203,False
100,0.25,8,C045_lin_y_q_d_36,4,C053_lin_t_v_z_45,linear,0.7479772637962896,False
100,0.25,8,C045_lin_y_q_d_36,5,C010_lin_r_v_z_0,linear,0.7468007755202739,False
100,0.25,8,C045_lin_y_q_d_36,6,C087_lin_y_A_q_81,linear,0.7358327491280281,False
100,0.25,8,C045_lin_y_q_d_36,7,C028_lin_A_a_y_18,linear,0.7188412363549971,False
100,0.25,8,C045_lin_y_q_d_36,8,C079_lin_s_y_a_72,linear,0.6530521682101028,False
100,0.25,8,C045_lin_y_q_d_36,9,C011_lin_re_p_x_q_1,linear,0.6393519261426275,False
100,0.25,8,C045_lin_y_q_d_36,10,C054_lin_re_F_q_y_46,linear,0.6387345211735505,False
100,0.25,9,C034_phys_v_y_25,1,C034_phys_v_y_25,physics,0.852288759520223,True
100,0.25,9,C034_phys_v_y_25,2,C099_work_energy,physics,0.6838432043421678,False
100,0.25,9,C034_phys_v_y_25,3,C062_lin_x_r_v_54,linear,0.6737621051201056,False
100,0.25,9,C034_phys_v_y_25,4,C026_phys_t_F_16,physics,0.6719315274841235,False
100,0.25,9,C034_phys_v_y_25,5,C093_phys_F_y_88,physics,0.6627051381252761,False
100,0.25,9,C034_phys_v_y_25,6,C077_phys_s_c_70,physics,0.657066181793424,False
100,0.25,9,C034_phys_v_y_25,7,C020_lin_re_E_t_F_10,linear,0.6368089806198971,False
100,0.25,9,C034_phys_v_y_25,8,C088_lin_re_z_s_A_82,linear,0.6345889600947507,False
100,0.25,9,C034_phys_v_y_25,9,C029_lin_re_x_q_A_19,linear,0.6256486436952257,False
100,0.25,9,C034_phys_v_y_25,10,C083_ratio_F_m_A_76,ratio,0.6225628224228794,False
100,0.25,10,C016_area_p_6,1,C016_area_p_6,geometry,0.867214474658989,True
100,0.25,10,C016_area_p_6,2,C042_area_q_33,geometry,0.8016614828497322,False
100,0.25,10,C016_area_p_6,3,C059_area_v_51,geometry,0.798657077299052,False
100,0.25,10,C016_area_p_6,4,C005_area_circle,geometry,0.7974763669307645,False
100,0.25,10,C016_area_p_6,5,C025_area_y_15,geometry,0.7941346003970464,False
100,0.25,10,C016_area_p_6,6,C068_area_c_60,geometry,0.7910996591169484,False
100,0.25,10,C016_area_p_6,7,C100_area_d,geometry,0.7905795409413607,False
100,0.25,10,C016_area_p_6,8,C098_energy_v,physics,0.6885802404779915,False
100,0.25,10,C016_area_p_6,9,C003_energy,physics,0.6747685127486239,False
100,0.25,10,C016_area_p_6,10,C065_pow2_a_p_z_57,power,0.6115967628893156,False
100,0.25,11,C004_force,1,C060_phys_m_t_52,physics,0.8689338948455736,False
100,0.25,11,C004_force,2,C004_force,physics,0.8512511858805273,True
100,0.25,11,C004_force,3,C051_phys_q_F_43,physics,0.7385613366626443,False
100,0.25,11,C004_force,4,C093_phys_F_y_88,physics,0.7369409742412214,False
100,0.25,11,C004_force,5,C069_phys_c_d_61,physics,0.723039265340657,False
100,0.25,11,C004_force,6,C017_phys_a_t_7,physics,0.716825564173942,False
100,0.25,11,C004_force,7,C085_phys_q_A_79,physics,0.7105651884955863,False
100,0.25,11,C004_force,8,C043_phys_a_x_34,physics,0.7001175119624642,False
100,0.25,11,C004_force,9,C054_lin_re_F_q_y_46,linear,0.6811595068514933,False
100,0.25,11,C004_force,10,C032_ratio_v_F_E_22,ratio,0.6703656265028549,False
100,0.25,12,C095_metric_xzr,1,C095_metric_xzr,metric,0.7767020359965492,True
100,0.25,12,C095_metric_xzr,2,C039_pow2_x_z_b_30,power,0.7356467423287174,False
100,0.25,12,C095_metric_xzr,3,C001_pythagorean,metric,0.7292963672250139,False
100,0.25,12,C095_metric_xzr,4,C096_metric_xyz,metric,0.7227894934579727,False
100,0.25,12,C095_metric_xzr,5,C097_metric_reordered,metric,0.7138582243197191,False
100,0.25,12,C095_metric_xzr,6,C090_pow2_a_z_x_84,power,0.6942668858353007,False
100,0.25,12,C095_metric_xzr,7,C048_pow2_d_x_p_39,power,0.6713956986332011,False
100,0.25,12,C095_metric_xzr,8,C061_poly_z_y_m_53,polynomial,0.6650168819864252,False
100,0.25,12,C095_metric_xzr,9,C065_pow2_a_p_z_57,power,0.6511666459427069,False
100,0.25,12,C095_metric_xzr,10,C022_pow2_b_m_a_12,power,0.642168638493474,False
100,0.25,13,C057_ratio_t_c_q_49,1,C057_ratio_t_c_q_49,ratio,0.9999999999999999,True
100,0.25,13,C057_ratio_t_c_q_49,2,C091_ratio_p_y_q_85,ratio,0.8418465929814954,False
100,0.25,13,C057_ratio_t_c_q_49,3,C040_ratio_q_b_s_31,ratio,0.8314703683974703,False
100,0.25,13,C057_ratio_t_c_q_49,4,C049_ratio_t_A_s_40,ratio,0.8281799253142805,False
100,0.25,13,C057_ratio_t_c_q_49,5,C014_ratio_q_d_F_4,ratio,0.8148238513048448,False
100,0.25,13,C057_ratio_t_c_q_49,6,C023_ratio_c_z_s_13,ratio,0.78653640799473,False
100,0.25,13,C057_ratio_t_c_q_49,7,C075_ratio_x_m_s_67,ratio,0.7471973606529438,False
100,0.25,13,C057_ratio_t_c_q_49,8,C083_ratio_F_m_A_76,ratio,0.7306111209567088,False
100,0.25,13,C057_ratio_t_c_q_49,9,C019_lin_b_c_m_9,linear,0.7035974431149807,False
100,0.25,13,C057_ratio_t_c_q_49,10,C051_phys_q_F_43,physics,0.6994511834559204,False
100,0.25,14,C024_root_z_c_d_14,1,C024_root_z_c_d_14,root,0.8578312020955051,True
100,0.25,14,C024_root_z_c_d_14,2,C067_root_z_a_m_59,root,0.7999163526868995,False
100,0.25,14,C024_root_z_c_d_14,3,C092_root_d_x_A_86,root,0.7908711645652013,False
100,0.25,14,C024_root_z_c_d_14,4,C058_root_x_a_E_50,root,0.7750626352590666,False
100,0.25,14,C024_root_z_c_d_14,5,C076_root_v_d_x_68,root,0.7021829381546016,False
100,0.25,14,C024_root_z_c_d_14,6,C041_root_q_y_z_32,root,0.6885160611940402,False
100,0.25,14,C024_root_z_c_d_14,7,C015_root_F_E_v_5,root,0.6759764132629686,False
100,0.25,14,C024_root_z_c_d_14,8,C061_poly_z_y_m_53,polynomial,0.6561491732688299,False
100,0.25,14,C024_root_z_c_d_14,9,C033_root_v_m_x_23,root,0.6529832155846356,False
100,0.25,14,C024_root_z_c_d_14,10,C039_pow2_x_z_b_30,power,0.6527686101701131,False
100,0.25,15,C051_phys_q_F_43,1,C051_phys_q_F_43,physics,0.9999999999999999,True
100,0.25,15,C051_phys_q_F_43,2,C085_phys_q_A_79,physics,0.924560917629299,False
100,0.25,15,C051_phys_q_F_43,3,C093_phys_F_y_88,physics,0.8460168536629895,False
100,0.25,15,C051_phys_q_F_43,4,C026_phys_t_F_16,physics,0.8445090899149442,False
100,0.25,15,C051_phys_q_F_43,5,C077_phys_s_c_70,physics,0.8040494138018563,False
100,0.25,15,C051_phys_q_F_43,6,C034_phys_v_y_25,physics,0.7790072122015823,False
100,0.25,15,C051_phys_q_F_43,7,C060_phys_m_t_52,physics,0.7691188478176896,False
100,0.25,15,C051_phys_q_F_43,8,C099_work_energy,physics,0.7667960408709656,False
100,0.25,15,C051_phys_q_F_43,9,C004_force,physics,0.7490816643999043,False
100,0.25,15,C051_phys_q_F_43,10,C014_ratio_q_d_F_4,ratio,0.7180538734861536,False
100,0.25,16,C052_poly_c_q_t_44,1,C052_poly_c_q_t_44,polynomial,1.0,True
100,0.25,16,C052_poly_c_q_t_44,2,C035_poly_p_q_E_26,polynomial,0.8774797205304252,False
100,0.25,16,C052_poly_c_q_t_44,3,C018_poly_s_p_c_8,polynomial,0.8702155721179313,False
100,0.25,16,C052_poly_c_q_t_44,4,C094_poly_b_m_s_89,polynomial,0.858705585893943,False
100,0.25,16,C052_poly_c_q_t_44,5,C070_poly_m_b_p_62,polynomial,0.8571066919708973,False
100,0.25,16,C052_poly_c_q_t_44,6,C027_poly_d_y_s_17,polynomial,0.8556583638467811,False
100,0.25,16,C052_poly_c_q_t_44,7,C061_poly_z_y_m_53,polynomial,0.8553734511567107,False
100,0.25,16,C052_poly_c_q_t_44,8,C078_poly_v_y_A_71,polynomial,0.8438952677215966,False
100,0.25,16,C052_poly_c_q_t_44,9,C044_poly_s_A_y_35,polynomial,0.8405590218522265,False
100,0.25,16,C052_poly_c_q_t_44,10,C086_poly_v_s_x_80,polynomial,0.8364620797420478,False
100,0.25,17,C048_pow2_d_x_p_39,1,C048_pow2_d_x_p_39,power,0.8406187973365652,True
100,0.25,17,C048_pow2_d_x_p_39,2,C039_pow2_x_z_b_30,power,0.764552739388166,False
100,0.25,17,C048_pow2_d_x_p_39,3,C097_metric_reordered,metric,0.7619872151482295,False
100,0.25,17,C048_pow2_d_x_p_39,4,C096_metric_xyz,metric,0.7614835610343526,False
100,0.25,17,C048_pow2_d_x_p_39,5,C095_metric_xzr,metric,0.7603574415541449,False
100,0.25,17,C048_pow2_d_x_p_39,6,C001_pythagorean,metric,0.759420173369875,False
100,0.25,17,C048_pow2_d_x_p_39,7,C090_pow2_a_z_x_84,power,0.74677481974504,False
100,0.25,17,C048_pow2_d_x_p_39,8,C065_pow2_a_p_z_57,power,0.7462241126986473,False
100,0.25,17,C048_pow2_d_x_p_39,9,C013_pow2_p_r_x_3,power,0.7372733531046617,False
100,0.25,17,C048_pow2_d_x_p_39,10,C056_pow2_m_s_d_48,power,0.7343848751287096,False
100,0.25,18,C061_poly_z_y_m_53,1,C061_poly_z_y_m_53,polynomial,0.8956467034605504,True
100,0.25,18,C061_poly_z_y_m_53,2,C070_poly_m_b_p_62,polynomial,0.8465999107327262,False
100,0.25,18,C061_poly_z_y_m_53,3,C094_poly_b_m_s_89,polynomial,0.8395900881845259,False
100,0.25,18,C061_poly_z_y_m_53,4,C052_poly_c_q_t_44,polynomial,0.811931756952787,False
100,0.25,18,C061_poly_z_y_m_53,5,C027_poly_d_y_s_17,polynomial,0.8085414898423792,False
100,0.25,18,C061_poly_z_y_m_53,6,C035_poly_p_q_E_26,polynomial,0.8059734117813753,False
100,0.25,18,C061_poly_z_y_m_53,7,C044_poly_s_A_y_35,polynomial,0.8023748404530756,False
100,0.25,18,C061_poly_z_y_m_53,8,C078_poly_v_y_A_71,polynomial,0.8020048166853322,False
100,0.25,18,C061_poly_z_y_m_53,9,C018_poly_s_p_c_8,polynomial,0.8002993584242801,False
100,0.25,18,C061_poly_z_y_m_53,10,C086_poly_v_s_x_80,polynomial,0.7980878765690538,False
100,0.25,19,C005_area_circle,1,C005_area_circle,geometry,0.8194843385759933,True
100,0.25,19,C005_area_circle,2,C025_area_y_15,geometry,0.8188515478271169,False
100,0.25,19,C005_area_circle,3,C042_area_q_33,geometry,0.8184144254534692,False
100,0.25,19,C005_area_circle,4,C016_area_p_6,geometry,0.8163812078270208,False
100,0.25,19,C005_area_circle,5,C100_area_d,geometry,0.8157645571908528,False
100,0.25,19,C005_area_circle,6,C068_area_c_60,geometry,0.8152717774232058,False
100,0.25,19,C005_area_circle,7,C059_area_v_51,geometry,0.812351169937491,False
100,0.25,19,C005_area_circle,8,C098_energy_v,physics,0.6939642318887708,False
100,0.25,19,C005_area_circle,9,C003_energy,physics,0.6772677111772132,False
100,0.25,19,C005_area_circle,10,C092_root_d_x_A_86,root,0.6007582147410063,False
100,0.25,20,C054_lin_re_F_q_y_46,1,C054_lin_re_F_q_y_46,linear,0.7724263808297469,True
100,0.25,20,C054_lin_re_F_q_y_46,2,C046_lin_re_F_d_t_37,linear,0.7320837328227073,False
100,0.25,20,C054_lin_re_F_q_y_46,3,C060_phys_m_t_52,physics,0.7136981738506628,False
100,0.25,20,C054_lin_re_F_q_y_46,4,C093_phys_F_y_88,physics,0.7022574074258101,False
100,0.25,20,C054_lin_re_F_q_y_46,5,C051_phys_q_F_43,physics,0.7020777009789366,False
100,0.25,20,C054_lin_re_F_q_y_46,6,C004_force,physics,0.6988909681183065,False
100,0.25,20,C054_lin_re_F_q_y_46,7,C037_lin_re_A_E_t_28,linear,0.6972497358009688,False
100,0.25,20,C054_lin_re_F_q_y_46,8,C011_lin_re_p_x_q_1,linear,0.6950657018574549,False
100,0.25,20,C054_lin_re_F_q_y_46,9,C063_lin_re_m_y_E_55,linear,0.6833704644374001,False
100,0.25,20,C054_lin_re_F_q_y_46,10,C072_lin_re_v_E_c_64,linear,0.6802241402780912,False
100,0.25,21,C063_lin_re_m_y_E_55,1,C020_lin_re_E_t_F_10,linear,0.8004985375330642,False
100,0.25,21,C063_lin_re_m_y_E_55,2,C063_lin_re_m_y_E_55,linear,0.7698673625938245,True
100,0.25,21,C063_lin_re_m_y_E_55,3,C029_lin_re_x_q_A_19,linear,0.7680261110668788,False
100,0.25,21,C063_lin_re_m_y_E_55,4,C088_lin_re_z_s_A_82,linear,0.7602937637601433,False
100,0.25,21,C063_lin_re_m_y_E_55,5,C034_phys_v_y_25,physics,0.7362792255761018,False
100,0.25,21,C063_lin_re_m_y_E_55,6,C037_lin_re_A_E_t_28,linear,0.7170782365235665,False
100,0.25,21,C063_lin_re_m_y_E_55,7,C099_work_energy,physics,0.7137379509671388,False
100,0.25,21,C063_lin_re_m_y_E_55,8,C080_lin_re_d_c_x_73,linear,0.7086343039847318,False
100,0.25,21,C063_lin_re_m_y_E_55,9,C093_phys_F_y_88,physics,0.6893866216322836,False
100,0.25,21,C063_lin_re_m_y_E_55,10,C091_ratio_p_y_q_85,ratio,0.6743916958194469,False
100,0.25,22,C046_lin_re_F_d_t_37,1,C046_lin_re_F_d_t_37,linear,0.8452953877271926,True
100,0.25,22,C046_lin_re_F_d_t_37,2,C037_lin_re_A_E_t_28,linear,0.7226181010654932,False
100,0.25,22,C046_lin_re_F_d_t_37,3,C020_lin_re_E_t_F_10,linear,0.7005879385816841,False
100,0.25,22,C046_lin_re_F_d_t_37,4,C011_lin_re_p_x_q_1,linear,0.6812815889494769,False
100,0.25,22,C046_lin_re_F_d_t_37,5,C063_lin_re_m_y_E_55,linear,0.6733690398284544,False
100,0.25,22,C046_lin_re_F_d_t_37,6,C029_lin_re_x_q_A_19,linear,0.663968854332778,False
100,0.25,22,C046_lin_re_F_d_t_37,7,C088_lin_re_z_s_A_82,linear,0.6599773233398343,False
100,0.25,22,C046_lin_re_F_d_t_37,8,C072_lin_re_v_E_c_64,linear,0.6544074186039387,False
100,0.25,22,C046_lin_re_F_d_t_37,9,C080_lin_re_d_c_x_73,linear,0.6360134422512195,False
100,0.25,22,C046_lin_re_F_d_t_37,10,C017_phys_a_t_7,physics,0.6222192074011135,False
100,0.25,23,C081_solve_c_6_1_74,1,C081_solve_c_6_1_74,simple_solve,1.0,True
100,0.25,23,C081_solve_c_6_1_74,2,C073_solve_y_5_1_65,simple_solve,0.8459902487580743,False
100,0.25,23,C081_solve_c_6_1_74,3,C064_solve_y_2_1_56,simple_solve,0.8435907866929317,False
100,0.25,23,C081_solve_c_6_1_74,4,C038_solve_c_9_3_29,simple_solve,0.8343289395944044,False
100,0.25,23,C081_solve_c_6_1_74,5,C012_solve_z_8_9_2,simple_solve,0.7778945856469525,False
100,0.25,23,C081_solve_c_6_1_74,6,C047_solve_b_2_4_38,simple_solve,0.7776385838054986,False
100,0.25,23,C081_solve_c_6_1_74,7,C021_solve_E_7_7_11,simple_solve,0.7616148824472371,False
100,0.25,23,C081_solve_c_6_1_74,8,C055_solve_m_2_7_47,simple_solve,0.7281886685383059,False
100,0.25,23,C081_solve_c_6_1_74,9,C030_solve_F_4_9_20,simple_solve,0.7146968294979609,False
100,0.25,23,C081_solve_c_6_1_74,10,C089_solve_A_5_8_83,simple_solve,0.7092087289757434,False
100,0.25,24,C059_area_v_51,1,C042_area_q_33,geometry,0.8448002088246738,False
100,0.25,24,C059_area_v_51,2,C016_area_p_6,geometry,0.8429818806416085,False
100,0.25,24,C059_area_v_51,3,C005_area_circle,geometry,0.8417236401914632,False
100,0.25,24,C059_area_v_51,4,C059_area_v_51,geometry,0.8393280429859074,True
100,0.25,24,C059_area_v_51,5,C025_area_y_15,geometry,0.8392749735909749,False
100,0.25,24,C059_area_v_51,6,C068_area_c_60,geometry,0.8360455459687348,False
100,0.25,24,C059_area_v_51,7,C100_area_d,geometry,0.8358301227225844,False
100,0.25,24,C059_area_v_51,8,C098_energy_v,physics,0.7456385302085234,False
100,0.25,24,C059_area_v_51,9,C003_energy,physics,0.7394432514068403,False
100,0.25,24,C059_area_v_51,10,C065_pow2_a_p_z_57,power,0.6576813896479153,False
100,0.25,25,C042_area_q_33,1,C042_area_q_33,geometry,0.8891715867066068,True
100,0.25,25,C042_area_q_33,2,C016_area_p_6,geometry,0.820964592779931,False
100,0.25,25,C042_area_q_33,3,C059_area_v_51,geometry,0.8177499441141072,False
100,0.25,25,C042_area_q_33,4,C005_area_circle,geometry,0.817300590853179,False
100,0.25,25,C042_area_q_33,5,C025_area_y_15,geometry,0.8139246654297714,False
100,0.25,25,C042_area_q_33,6,C068_area_c_60,geometry,0.8109475506666406,False
100,0.25,25,C042_area_q_33,7,C100_area_d,geometry,0.8103961541186684,False
100,0.25,25,C042_area_q_33,8,C098_energy_v,physics,0.7301277806652617,False
100,0.25,25,C042_area_q_33,9,C003_energy,physics,0.7245472023795645,False
100,0.25,25,C042_area_q_33,10,C065_pow2_a_p_z_57,power,0.643366083060491,False
100,0.25,26,C066_ratio_E_s_m_58,1,C066_ratio_E_s_m_58,ratio,0.8557701098372457,True
100,0.25,26,C066_ratio_E_s_m_58,2,C083_ratio_F_m_A_76,ratio,0.7624802998444591,False
100,0.25,26,C066_ratio_E_s_m_58,3,C075_ratio_x_m_s_67,ratio,0.749586984222121,False
100,0.25,26,C066_ratio_E_s_m_58,4,C023_ratio_c_z_s_13,ratio,0.6951056850201268,False
100,0.25,26,C066_ratio_E_s_m_58,5,C032_ratio_v_F_E_22,ratio,0.6581172097610063,False
100,0.25,26,C066_ratio_E_s_m_58,6,C014_ratio_q_d_F_4,ratio,0.6535425713602778,False
100,0.25,26,C066_ratio_E_s_m_58,7,C091_ratio_p_y_q_85,ratio,0.6509656476083704,False
100,0.25,26,C066_ratio_E_s_m_58,8,C040_ratio_q_b_s_31,ratio,0.6422671979089206,False
100,0.25,26,C066_ratio_E_s_m_58,9,C057_ratio_t_c_q_49,ratio,0.6212419936346245,False
100,0.25,26,C066_ratio_E_s_m_58,10,C003_energy,physics,0.618188951950199,False
100,0.25,27,C013_pow2_p_r_x_3,1,C013_pow2_p_r_x_3,power,0.7763371363822578,True
100,0.25,27,C013_pow2_p_r_x_3,2,C082_pow2_q_r_s_75,power,0.7043732849994013,False
100,0.25,27,C013_pow2_p_r_x_3,3,C084_root_r_p_a_77,root,0.6835905323640191,False
100,0.25,27,C013_pow2_p_r_x_3,4,C074_pow2_v_x_z_66,power,0.6829398762067568,False
100,0.25,27,C013_pow2_p_r_x_3,5,C048_pow2_d_x_p_39,power,0.6723208661206467,False
100,0.25,27,C013_pow2_p_r_x_3,6,C031_pow2_A_c_x_21,power,0.6717700802877767,False
100,0.25,27,C013_pow2_p_r_x_3,7,C097_metric_reordered,metric,0.6583165581832343,False
100,0.25,27,C013_pow2_p_r_x_3,8,C002_circle_center,metric,0.6575654629640484,False
100,0.25,27,C013_pow2_p_r_x_3,9,C001_pythagorean,metric,0.6531346414524407,False
100,0.25,27,C013_pow2_p_r_x_3,10,C095_metric_xzr,metric,0.6526860201100446,False
100,0.4,0,C045_lin_y_q_d_36,1,C045_lin_y_q_d_36,linear,0.8284904967245603,True
100,0.4,0,C045_lin_y_q_d_36,2,C071_lin_y_q_z_63,linear,0.7582472637578845,False
100,0.4,0,C045_lin_y_q_d_36,3,C010_lin_r_v_z_0,linear,0.7434329999967345,False
100,0.4,0,C045_lin_y_q_d_36,4,C036_lin_p_v_z_27,linear,0.7383380300294508,False
100,0.4,0,C045_lin_y_q_d_36,5,C053_lin_t_v_z_45,linear,0.7343899783115795,False
100,0.4,0,C045_lin_y_q_d_36,6,C079_lin_s_y_a_72,linear,0.7182734047233529,False
100,0.4,0,C045_lin_y_q_d_36,7,C021_solve_E_7_7_11,simple_solve,0.6847396706642213,False
100,0.4,0,C045_lin_y_q_d_36,8,C028_lin_A_a_y_18,linear,0.682486857027317,False
100,0.4,0,C045_lin_y_q_d_36,9,C038_solve_c_9_3_29,simple_solve,0.678580100496482,False
100,0.4,0,C045_lin_y_q_d_36,10,C047_solve_b_2_4_38,simple_solve,0.6767716991806362,False
100,0.4,1,C032_ratio_v_F_E_22,1,C032_ratio_v_F_E_22,ratio,1.0,True
100,0.4,1,C032_ratio_v_F_E_22,2,C066_ratio_E_s_m_58,ratio,0.7609897081441471,False
100,0.4,1,C032_ratio_v_F_E_22,3,C072_lin_re_v_E_c_64,linear,0.7447130269961674,False
100,0.4,1,C032_ratio_v_F_E_22,4,C036_lin_p_v_z_27,linear,0.7228976484456258,False
100,0.4,1,C032_ratio_v_F_E_22,5,C053_lin_t_v_z_45,linear,0.7217143920755639,False
100,0.4,1,C032_ratio_v_F_E_22,6,C010_lin_r_v_z_0,linear,0.7156437173402974,False
100,0.4,1,C032_ratio_v_F_E_22,7,C060_phys_m_t_52,physics,0.7066951151956697,False
100,0.4,1,C032_ratio_v_F_E_22,8,C017_phys_a_t_7,physics,0.7037672061262934,False
100,0.4,1,C032_ratio_v_F_E_22,9,C004_force,physics,0.7034971211510083,False
100,0.4,1,C032_ratio_v_F_E_22,10,C069_phys_c_d_61,physics,0.7027173262828518,False
100,0.4,2,C010_lin_r_v_z_0,1,C071_lin_y_q_z_63,linear,0.8282827761425047,False
100,0.4,2,C010_lin_r_v_z_0,2,C010_lin_r_v_z_0,linear,0.8168320322375586,True
100,0.4,2,C010_lin_r_v_z_0,3,C036_lin_p_v_z_27,linear,0.8145862705092775,False
100,0.4,2,C010_lin_r_v_z_0,4,C053_lin_t_v_z_45,linear,0.810295940927708,False
100,0.4,2,C010_lin_r_v_z_0,5,C045_lin_y_q_d_36,linear,0.7524537126064862,False
100,0.4,2,C010_lin_r_v_z_0,6,C079_lin_s_y_a_72,linear,0.7129275522514508,False
100,0.4,2,C010_lin_r_v_z_0,7,C012_solve_z_8_9_2,simple_solve,0.6978780063476094,False
100,0.4,2,C010_lin_r_v_z_0,8,C028_lin_A_a_y_18,linear,0.6841642433980981,False
100,0.4,2,C010_lin_r_v_z_0,9,C021_solve_E_7_7_11,simple_solve,0.679030126709033,False
100,0.4,2,C010_lin_r_v_z_0,10,C038_solve_c_9_3_29,simple_solve,0.6736154130123502,False
100,0.4,3,C067_root_z_a_m_59,1,C084_root_r_p_a_77,root,0.7609896824781752,False
100,0.4,3,C067_root_z_a_m_59,2,C033_root_v_m_x_23,root,0.7339140925576015,False
100,0.4,3,C067_root_z_a_m_59,3,C050_root_F_v_s_41,root,0.7280289610748691,False
100,0.4,3,C067_root_z_a_m_59,4,C041_root_q_y_z_32,root,0.7175862475236936,False
100,0.4,3,C067_root_z_a_m_59,5,C015_root_F_E_v_5,root,0.6899632742710085,False
100,0.4,3,C067_root_z_a_m_59,6,C076_root_v_d_x_68,root,0.6697861572344292,False
100,0.4,3,C067_root_z_a_m_59,7,C002_circle_center,metric,0.6555387995176631,False
100,0.4,3,C067_root_z_a_m_59,8,C067_root_z_a_m_59,root,0.6218522421012327,True
100,0.4,3,C067_root_z_a_m_59,9,C058_root_x_a_E_50,root,0.6181924058153736,False
100,0.4,3,C067_root_z_a_m_59,10,C092_root_d_x_A_86,root,0.6158962092539938,False
100,0.4,4,C024_root_z_c_d_14,1,C092_root_d_x_A_86,root,0.7241298323982235,False
100,0.4,4,C024_root_z_c_d_14,2,C024_root_z_c_d_14,root,0.7210926754469277,True
100,0.4,4,C024_root_z_c_d_14,3,C067_root_z_a_m_59,root,0.7085939104314694,False
100,0.4,4,C024_root_z_c_d_14,4,C058_root_x_a_E_50,root,0.6799020239684354,False
100,0.4,4,C024_root_z_c_d_14,5,C061_poly_z_y_m_53,polynomial,0.6515473128334119,False
100,0.4,4,C024_root_z_c_d_14,6,C039_pow2_x_z_b_30,power,0.625136586169679,False
100,0.4,4,C024_root_z_c_d_14,7,C052_poly_c_q_t_44,polynomial,0.6241683580204449,False
100,0.4,4,C024_root_z_c_d_14,8,C065_pow2_a_p_z_57,power,0.6207613469651049,False
100,0.4,4,C024_root_z_c_d_14,9,C027_poly_d_y_s_17,polynomial,0.6206358117458632,False
100,0.4,4,C024_root_z_c_d_14,10,C096_metric_xyz,metric,0.6194942256553405,False
100,0.4,5,C081_solve_c_6_1_74,1,C081_solve_c_6_1_74,simple_solve,0.8863068182402548,True
100,0.4,5,C081_solve_c_6_1_74,2,C073_solve_y_5_1_65,simple_solve,0.8099142882526418,False
100,0.4,5,C081_solve_c_6_1_74,3,C064_solve_y_2_1_56,simple_solve,0.8037902877968442,False
100,0.4,5,C081_solve_c_6_1_74,4,C012_solve_z_8_9_2,simple_solve,0.7387995985990438,False
100,0.4,5,C081_solve_c_6_1_74,5,C030_solve_F_4_9_20,simple_solve,0.7161488699095165,False
100,0.4,5,C081_solve_c_6_1_74,6,C021_solve_E_7_7_11,simple_solve,0.7140446650614654,False
100,0.4,5,C081_solve_c_6_1_74,7,C047_solve_b_2_4_38,simple_solve,0.710724541419435,False
100,0.4,5,C081_solve_c_6_1_74,8,C038_solve_c_9_3_29,simple_solve,0.7055757696839559,False
100,0.4,5,C081_solve_c_6_1_74,9,C089_solve_A_5_8_83,simple_solve,0.6996598078430374,False
100,0.4,5,C081_solve_c_6_1_74,10,C055_solve_m_2_7_47,simple_solve,0.6895415708120753,False
100,0.4,6,C043_phys_a_x_34,1,C051_phys_q_F_43,physics,0.8335211803381254,False
100,0.4,6,C043_phys_a_x_34,2,C093_phys_F_y_88,physics,0.8236788914822161,False
100,0.4,6,C043_phys_a_x_34,3,C085_phys_q_A_79,physics,0.7920985818991353,False
100,0.4,6,C043_phys_a_x_34,4,C060_phys_m_t_52,physics,0.7673591900900226,False
100,0.4,6,C043_phys_a_x_34,5,C026_phys_t_F_16,physics,0.7647138642764042,False
100,0.4,6,C043_phys_a_x_34,6,C004_force,physics,0.7514296662404983,False
100,0.4,6,C043_phys_a_x_34,7,C077_phys_s_c_70,physics,0.747116015531942,False
100,0.4,6,C043_phys_a_x_34,8,C034_phys_v_y_25,physics,0.7160508464094171,False
100,0.4,6,C043_phys_a_x_34,9,C099_work_energy,physics,0.7004176406473148,False
100,0.4,6,C043_phys_a_x_34,10,C069_phys_c_d_61,physics,0.6722165084756875,False
100,0.4,7,C100_area_d,1,C100_area_d,geometry,0.8609831559984393,True
100,0.4,7,C100_area_d,2,C025_area_y_15,geometry,0.7959642762953212,False
100,0.4,7,C100_area_d,3,C005_area_circle,geometry,0.7931530797465618,False
100,0.4,7,C100_area_d,4,C068_area_c_60,geometry,0.7930349446378642,False
100,0.4,7,C100_area_d,5,C042_area_q_33,geometry,0.7829492811983472,False
100,0.4,7,C100_area_d,6,C016_area_p_6,geometry,0.7798464579706521,False
100,0.4,7,C100_area_d,7,C059_area_v_51,geometry,0.7746369218065603,False
100,0.4,7,C100_area_d,8,C098_energy_v,physics,0.6747136127262218,False
100,0.4,7,C100_area_d,9,C003_energy,physics,0.666903118464779,False
100,0.4,7,C100_area_d,10,C092_root_d_x_A_86,root,0.6285386092007399,False
100,0.4,8,C068_area_c_60,1,C042_area_q_33,geometry,0.8448002088246738,False
100,0.4,8,C068_area_c_60,2,C016_area_p_6,geometry,0.8429818806416085,False
100,0.4,8,C068_area_c_60,3,C005_area_circle,geometry,0.8417236401914632,False
100,0.4,8,C068_area_c_60,4,C059_area_v_51,geometry,0.8393280429859074,False
100,0.4,8,C068_area_c_60,5,C025_area_y_15,geometry,0.8392749735909749,False
100,0.4,8,C068_area_c_60,6,C068_area_c_60,geometry,0.8360455459687348,True
100,0.4,8,C068_area_c_60,7,C100_area_d,geometry,0.8358301227225844,False
100,0.4,8,C068_area_c_60,8,C098_energy_v,physics,0.7456385302085234,False
100,0.4,8,C068_area_c_60,9,C003_energy,physics,0.7394432514068403,False
100,0.4,8,C068_area_c_60,10,C065_pow2_a_p_z_57,power,0.6576813896479153,False
100,0.4,9,C008_division_zero,1,C008_division_zero,omega,0.7994413137317607,True
100,0.4,9,C008_division_zero,2,C014_ratio_q_d_F_4,ratio,0.5430359665360065,False
100,0.4,9,C008_division_zero,3,C032_ratio_v_F_E_22,ratio,0.5327415030098615,False
100,0.4,9,C008_division_zero,4,C007_integral_x,calculus,0.5308184844693028,False
100,0.4,9,C008_division_zero,5,C089_solve_A_5_8_83,simple_solve,0.5290396834771726,False
100,0.4,9,C008_division_zero,6,C030_solve_F_4_9_20,simple_solve,0.5264049725532763,False
100,0.4,9,C008_division_zero,7,C083_ratio_F_m_A_76,ratio,0.5213647632082398,False
100,0.4,9,C008_division_zero,8,C055_solve_m_2_7_47,simple_solve,0.5208279537113774,False
100,0.4,9,C008_division_zero,9,C040_ratio_q_b_s_31,ratio,0.5152246670424987,False
100,0.4,9,C008_division_zero,10,C066_ratio_E_s_m_58,ratio,0.5118109114348086,False
100,0.4,10,C076_root_v_d_x_68,1,C076_root_v_d_x_68,root,0.8511768379708118,True
100,0.4,10,C076_root_v_d_x_68,2,C015_root_F_E_v_5,root,0.840402683887342,False
100,0.4,10,C076_root_v_d_x_68,3,C067_root_z_a_m_59,root,0.8162526102129538,False
100,0.4,10,C076_root_v_d_x_68,4,C050_root_F_v_s_41,root,0.8153669306428241,False
100,0.4,10,C076_root_v_d_x_68,5,C033_root_v_m_x_23,root,0.8130052328403718,False
100,0.4,10,C076_root_v_d_x_68,6,C058_root_x_a_E_50,root,0.8095233320246603,False
100,0.4,10,C076_root_v_d_x_68,7,C024_root_z_c_d_14,root,0.7999020385358123,False
100,0.4,10,C076_root_v_d_x_68,8,C041_root_q_y_z_32,root,0.7883289384007023,False
100,0.4,10,C076_root_v_d_x_68,9,C092_root_d_x_A_86,root,0.7840262992954531,False
100,0.4,10,C076_root_v_d_x_68,10,C084_root_r_p_a_77,root,0.7467843044936131,False
100,0.4,11,C006_derivative_square,1,C006_derivative_square,calculus,0.6936510454807828,True
100,0.4,11,C006_derivative_square,2,C075_ratio_x_m_s_67,ratio,0.657514012927681,False
100,0.4,11,C006_derivative_square,3,C062_lin_x_r_v_54,linear,0.6480689652091012,False
100,0.4,11,C006_derivative_square,4,C029_lin_re_x_q_A_19,linear,0.631464492922917,False
100,0.4,11,C006_derivative_square,5,C023_ratio_c_z_s_13,ratio,0.5960889795729666,False
100,0.4,11,C006_derivative_square,6,C034_phys_v_y_25,physics,0.5923893432913956,False
100,0.4,11,C006_derivative_square,7,C099_work_energy,physics,0.5923184975715692,False
100,0.4,11,C006_derivative_square,8,C026_phys_t_F_16,physics,0.5900839843442633,False
100,0.4,11,C006_derivative_square,9,C083_ratio_F_m_A_76,ratio,0.5854865120510474,False
100,0.4,11,C006_derivative_square,10,C077_phys_s_c_70,physics,0.584156599557018,False
100,0.4,12,C005_area_circle,1,C005_area_circle,geometry,0.9086112470446269,True
100,0.4,12,C005_area_circle,2,C042_area_q_33,geometry,0.8454329786312549,False
100,0.4,12,C005_area_circle,3,C016_area_p_6,geometry,0.8452495609270358,False
100,0.4,12,C005_area_circle,4,C059_area_v_51,geometry,0.8440603442373602,False
100,0.4,12,C005_area_circle,5,C025_area_y_15,geometry,0.8369143415734275,False
100,0.4,12,C005_area_circle,6,C068_area_c_60,geometry,0.8351176027034369,False
100,0.4,12,C005_area_circle,7,C100_area_d,geometry,0.8338254555486027,False
100,0.4,12,C005_area_circle,8,C098_energy_v,physics,0.8012979057358242,False
100,0.4,12,C005_area_circle,9,C003_energy,physics,0.7814984282271332,False
100,0.4,12,C005_area_circle,10,C031_pow2_A_c_x_21,power,0.7442096208379129,False
100,0.4,13,C012_solve_z_8_9_2,1,C012_solve_z_8_9_2,simple_solve,0.7308813046527552,True
100,0.4,13,C012_solve_z_8_9_2,2,C087_lin_y_A_q_81,linear,0.7113796461376254,False
100,0.4,13,C012_solve_z_8_9_2,3,C019_lin_b_c_m_9,linear,0.7061346540625096,False
100,0.4,13,C012_solve_z_8_9_2,4,C028_lin_A_a_y_18,linear,0.6860796075549028,False
100,0.4,13,C012_solve_z_8_9_2,5,C089_solve_A_5_8_83,simple_solve,0.679577691618443,False
100,0.4,13,C012_solve_z_8_9_2,6,C053_lin_t_v_z_45,linear,0.6624200537822882,False
100,0.4,13,C012_solve_z_8_9_2,7,C010_lin_r_v_z_0,linear,0.6605856283017706,False
100,0.4,13,C012_solve_z_8_9_2,8,C036_lin_p_v_z_27,linear,0.6602703575915404,False
100,0.4,13,C012_solve_z_8_9_2,9,C062_lin_x_r_v_54,linear,0.6591479885706085,False
100,0.4,13,C012_solve_z_8_9_2,10,C071_lin_y_q_z_63,linear,0.63054649130865,False
100,0.4,14,C015_root_F_E_v_5,1,C015_root_F_E_v_5,root,0.8718324824946224,True
100,0.4,14,C015_root_F_E_v_5,2,C033_root_v_m_x_23,root,0.8641152263134537,False
100,0.4,14,C015_root_F_E_v_5,3,C050_root_F_v_s_41,root,0.8606765587923015,False
100,0.4,14,C015_root_F_E_v_5,4,C084_root_r_p_a_77,root,0.8580237698251385,False
100,0.4,14,C015_root_F_E_v_5,5,C041_root_q_y_z_32,root,0.8222762818368486,False
100,0.4,14,C015_root_F_E_v_5,6,C076_root_v_d_x_68,root,0.799266600040058,False
100,0.4,14,C015_root_F_E_v_5,7,C058_root_x_a_E_50,root,0.7220030007705854,False
100,0.4,14,C015_root_F_E_v_5,8,C002_circle_center,metric,0.706796811991708,False
100,0.4,14,C015_root_F_E_v_5,9,C067_root_z_a_m_59,root,0.7040213738555609,False
100,0.4,14,C015_root_F_E_v_5,10,C074_pow2_v_x_z_66,power,0.6998517729031349,False
100,0.4,15,C019_lin_b_c_m_9,1,C019_lin_b_c_m_9,linear,0.8713960627122997,True
100,0.4,15,C019_lin_b_c_m_9,2,C062_lin_x_r_v_54,linear,0.7266229133670743,False
100,0.4,15,C019_lin_b_c_m_9,3,C087_lin_y_A_q_81,linear,0.6905278809291457,False
100,0.4,15,C019_lin_b_c_m_9,4,C057_ratio_t_c_q_49,ratio,0.6822298159115916,False
100,0.4,15,C019_lin_b_c_m_9,5,C023_ratio_c_z_s_13,ratio,0.6587877810381213,False
100,0.4,15,C019_lin_b_c_m_9,6,C077_phys_s_c_70,physics,0.6585460670956019,False
100,0.4,15,C019_lin_b_c_m_9,7,C075_ratio_x_m_s_67,ratio,0.6555303419577558,False
100,0.4,15,C019_lin_b_c_m_9,8,C083_ratio_F_m_A_76,ratio,0.6486283316007327,False
100,0.4,15,C019_lin_b_c_m_9,9,C028_lin_A_a_y_18,linear,0.638132817832883,False
100,0.4,15,C019_lin_b_c_m_9,10,C079_lin_s_y_a_72,linear,0.636206367140195,False
100,0.4,16,C059_area_v_51,1,C042_area_q_33,geometry,0.7710579951321592,False
100,0.4,16,C059_area_v_51,2,C005_area_circle,geometry,0.7708876363994835,False
100,0.4,16,C059_area_v_51,3,C025_area_y_15,geometry,0.7694864181322496,False
100,0.4,16,C059_area_v_51,4,C016_area_p_6,geometry,0.7693634320844563,False
100,0.4,16,C059_area_v_51,5,C100_area_d,geometry,0.7662171159653585,False
100,0.4,16,C059_area_v_51,6,C068_area_c_60,geometry,0.7659972340896468,False
100,0.4,16,C059_area_v_51,7,C059_area_v_51,geometry,0.7657845286584354,True
100,0.4,16,C059_area_v_51,8,C098_energy_v,physics,0.6991478997217886,False
100,0.4,16,C059_area_v_51,9,C003_energy,physics,0.6926990365595491,False
100,0.4,16,C059_area_v_51,10,C039_pow2_x_z_b_30,power,0.5969893585069177,False
100,0.4,17,C061_poly_z_y_m_53,1,C061_poly_z_y_m_53,polynomial,0.8949515641508092,True
100,0.4,17,C061_poly_z_y_m_53,2,C078_poly_v_y_A_71,polynomial,0.8444024801017105,False
100,0.4,17,C061_poly_z_y_m_53,3,C027_poly_d_y_s_17,polynomial,0.8434750046075804,False
100,0.4,17,C061_poly_z_y_m_53,4,C044_poly_s_A_y_35,polynomial,0.8372132878478641,False
100,0.4,17,C061_poly_z_y_m_53,5,C070_poly_m_b_p_62,polynomial,0.8118512976700267,False
100,0.4,17,C061_poly_z_y_m_53,6,C052_poly_c_q_t_44,polynomial,0.8094829959033306,False
100,0.4,17,C061_poly_z_y_m_53,7,C035_poly_p_q_E_26,polynomial,0.8093001299893822,False
100,0.4,17,C061_poly_z_y_m_53,8,C094_poly_b_m_s_89,polynomial,0.8080323987848187,False
100,0.4,17,C061_poly_z_y_m_53,9,C018_poly_s_p_c_8,polynomial,0.8064120167005746,False
100,0.4,17,C061_poly_z_y_m_53,10,C086_poly_v_s_x_80,polynomial,0.8044023599290776,False
100,0.4,18,C023_ratio_c_z_s_13,1,C023_ratio_c_z_s_13,ratio,0.8596762726388884,True
100,0.4,18,C023_ratio_c_z_s_13,2,C040_ratio_q_b_s_31,ratio,0.7971552304467908,False
100,0.4,18,C023_ratio_c_z_s_13,3,C075_ratio_x_m_s_67,ratio,0.7845457706647322,False
100,0.4,18,C023_ratio_c_z_s_13,4,C091_ratio_p_y_q_85,ratio,0.741905626710172,False
100,0.4,18,C023_ratio_c_z_s_13,5,C014_ratio_q_d_F_4,ratio,0.7367667706576364,False
100,0.4,18,C023_ratio_c_z_s_13,6,C049_ratio_t_A_s_40,ratio,0.7365655050152934,False
100,0.4,18,C023_ratio_c_z_s_13,7,C083_ratio_F_m_A_76,ratio,0.728104437842688,False
100,0.4,18,C023_ratio_c_z_s_13,8,C057_ratio_t_c_q_49,ratio,0.7183446895339702,False
100,0.4,18,C023_ratio_c_z_s_13,9,C088_lin_re_z_s_A_82,linear,0.6964637767725056,False
100,0.4,18,C023_ratio_c_z_s_13,10,C099_work_energy,physics,0.6628783417063325,False
100,0.4,19,C092_root_d_x_A_86,1,C033_root_v_m_x_23,root,0.7409650526331087,False
100,0.4,19,C092_root_d_x_A_86,2,C084_root_r_p_a_77,root,0.7367866249596672,False
100,0.4,19,C092_root_d_x_A_86,3,C050_root_F_v_s_41,root,0.7051370280399308,False
100,0.4,19,C092_root_d_x_A_86,4,C041_root_q_y_z_32,root,0.6948034335051965,False
100,0.4,19,C092_root_d_x_A_86,5,C076_root_v_d_x_68,root,0.6802949419169361,False
100,0.4,19,C092_root_d_x_A_86,6,C002_circle_center,metric,0.6750771862364283,False
100,0.4,19,C092_root_d_x_A_86,7,C015_root_F_E_v_5,root,0.6695343867314585,False
100,0.4,19,C092_root_d_x_A_86,8,C092_root_d_x_A_86,root,0.6604395153514832,True
100,0.4,19,C092_root_d_x_A_86,9,C058_root_x_a_E_50,root,0.6438300736248049,False
100,0.4,19,C092_root_d_x_A_86,10,C067_root_z_a_m_59,root,0.6136792649646419,False
100,0.4,20,C013_pow2_p_r_x_3,1,C013_pow2_p_r_x_3,power,0.8456201999307691,True
100,0.4,20,C013_pow2_p_r_x_3,2,C065_pow2_a_p_z_57,power,0.8051121571111167,False
100,0.4,20,C013_pow2_p_r_x_3,3,C097_metric_reordered,metric,0.7916348845189431,False
100,0.4,20,C013_pow2_p_r_x_3,4,C095_metric_xzr,metric,0.7908537252126527,False
100,0.4,20,C013_pow2_p_r_x_3,5,C001_pythagorean,metric,0.7886879249645897,False
100,0.4,20,C013_pow2_p_r_x_3,6,C082_pow2_q_r_s_75,power,0.7870513303213591,False
100,0.4,20,C013_pow2_p_r_x_3,7,C048_pow2_d_x_p_39,power,0.7844687192938129,False
100,0.4,20,C013_pow2_p_r_x_3,8,C056_pow2_m_s_d_48,power,0.774599608566939,False
100,0.4,20,C013_pow2_p_r_x_3,9,C090_pow2_a_z_x_84,power,0.7707739230063689,False
100,0.4,20,C013_pow2_p_r_x_3,10,C022_pow2_b_m_a_12,power,0.7690105287529009,False
100,0.4,21,C016_area_p_6,1,C042_area_q_33,geometry,0.8937271017656371,False
100,0.4,21,C016_area_p_6,2,C016_area_p_6,geometry,0.8919919903296828,True
100,0.4,21,C016_area_p_6,3,C059_area_v_51,geometry,0.8885367500905469,False
100,0.4,21,C016_area_p_6,4,C005_area_circle,geometry,0.8872229519352203,False
100,0.4,21,C016_area_p_6,5,C025_area_y_15,geometry,0.8831124029029053,False
100,0.4,21,C016_area_p_6,6,C068_area_c_60,geometry,0.8803424030067986,False
100,0.4,21,C016_area_p_6,7,C100_area_d,geometry,0.8795602563617594,False
100,0.4,21,C016_area_p_6,8,C098_energy_v,physics,0.7334831903131751,False
100,0.4,21,C016_area_p_6,9,C003_energy,physics,0.7208857255851524,False
100,0.4,21,C016_area_p_6,10,C031_pow2_A_c_x_21,power,0.6684028112053688,False
100,0.4,22,C073_solve_y_5_1_65,1,C045_lin_y_q_d_36,linear,0.7179969628113582,False
100,0.4,22,C073_solve_y_5_1_65,2,C071_lin_y_q_z_63,linear,0.7161455956375123,False
100,0.4,22,C073_solve_y_5_1_65,3,C079_lin_s_y_a_72,linear,0.7109581176554592,False
100,0.4,22,C073_solve_y_5_1_65,4,C021_solve_E_7_7_11,simple_solve,0.693397603609227,False
100,0.4,22,C073_solve_y_5_1_65,5,C010_lin_r_v_z_0,linear,0.6844094598025988,False
100,0.4,22,C073_solve_y_5_1_65,6,C036_lin_p_v_z_27,linear,0.6831357169622528,False
100,0.4,22,C073_solve_y_5_1_65,7,C012_solve_z_8_9_2,simple_solve,0.6802456132776705,False
100,0.4,22,C073_solve_y_5_1_65,8,C053_lin_t_v_z_45,linear,0.6781889679387024,False
100,0.4,22,C073_solve_y_5_1_65,9,C038_solve_c_9_3_29,simple_solve,0.6775061402816847,False
100,0.4,22,C073_solve_y_5_1_65,10,C081_solve_c_6_1_74,simple_solve,0.6769840522077419,False
100,0.4,23,C037_lin_re_A_E_t_28,1,C037_lin_re_A_E_t_28,linear,0.8725758455999444,True
100,0.4,23,C037_lin_re_A_E_t_28,2,C072_lin_re_v_E_c_64,linear,0.7664764625239583,False
100,0.4,23,C037_lin_re_A_E_t_28,3,C063_lin_re_m_y_E_55,linear,0.7659910015424345,False
100,0.4,23,C037_lin_re_A_E_t_28,4,C011_lin_re_p_x_q_1,linear,0.7310014350965004,False
100,0.4,23,C037_lin_re_A_E_t_28,5,C046_lin_re_F_d_t_37,linear,0.7103812349948001,False
100,0.4,23,C037_lin_re_A_E_t_28,6,C054_lin_re_F_q_y_46,linear,0.7044967099129199,False
100,0.4,23,C037_lin_re_A_E_t_28,7,C080_lin_re_d_c_x_73,linear,0.6820193357838039,False
100,0.4,23,C037_lin_re_A_E_t_28,8,C029_lin_re_x_q_A_19,linear,0.6566804384665551,False
100,0.4,23,C037_lin_re_A_E_t_28,9,C088_lin_re_z_s_A_82,linear,0.6519627345339707,False
100,0.4,23,C037_lin_re_A_E_t_28,10,C020_lin_re_E_t_F_10,linear,0.6467021011546575,False
100,0.4,24,C054_lin_re_F_q_y_46,1,C054_lin_re_F_q_y_46,linear,0.8135709853441073,True
100,0.4,24,C054_lin_re_F_q_y_46,2,C063_lin_re_m_y_E_55,linear,0.7673715589117268,False
100,0.4,24,C054_lin_re_F_q_y_46,3,C072_lin_re_v_E_c_64,linear,0.7390438173143098,False
100,0.4,24,C054_lin_re_F_q_y_46,4,C011_lin_re_p_x_q_1,linear,0.7027435472353769,False
100,0.4,24,C054_lin_re_F_q_y_46,5,C046_lin_re_F_d_t_37,linear,0.6671560081832945,False
100,0.4,24,C054_lin_re_F_q_y_46,6,C071_lin_y_q_z_63,linear,0.6479865259786686,False
100,0.4,24,C054_lin_re_F_q_y_46,7,C045_lin_y_q_d_36,linear,0.6440665518503811,False
100,0.4,24,C054_lin_re_F_q_y_46,8,C037_lin_re_A_E_t_28,linear,0.6421419087811966,False
100,0.4,24,C054_lin_re_F_q_y_46,9,C043_phys_a_x_34,physics,0.6296245339076831,False
100,0.4,24,C054_lin_re_F_q_y_46,10,C020_lin_re_E_t_F_10,linear,0.6165402686753504,False
100,0.4,25,C052_poly_c_q_t_44,1,C052_poly_c_q_t_44,polynomial,0.8483749419798313,True
100,0.4,25,C052_poly_c_q_t_44,2,C035_poly_p_q_E_26,polynomial,0.8116696251254523,False
100,0.4,25,C052_poly_c_q_t_44,3,C070_poly_m_b_p_62,polynomial,0.7725611154743776,False
100,0.4,25,C052_poly_c_q_t_44,4,C078_poly_v_y_A_71,polynomial,0.7711058472317891,False
100,0.4,25,C052_poly_c_q_t_44,5,C094_poly_b_m_s_89,polynomial,0.7691678600225625,False
100,0.4,25,C052_poly_c_q_t_44,6,C044_poly_s_A_y_35,polynomial,0.7677127584588826,False
100,0.4,25,C052_poly_c_q_t_44,7,C061_poly_z_y_m_53,polynomial,0.7669336855172264,False
100,0.4,25,C052_poly_c_q_t_44,8,C018_poly_s_p_c_8,polynomial,0.7665701256965431,False
100,0.4,25,C052_poly_c_q_t_44,9,C086_poly_v_s_x_80,polynomial,0.7653787311160188,False
100,0.4,25,C052_poly_c_q_t_44,10,C027_poly_d_y_s_17,polynomial,0.7649507135415794,False
100,0.4,26,C069_phys_c_d_61,1,C069_phys_c_d_61,physics,0.8581604429194318,True
100,0.4,26,C069_phys_c_d_61,2,C017_phys_a_t_7,physics,0.7651809073585847,False
100,0.4,26,C069_phys_c_d_61,3,C043_phys_a_x_34,physics,0.7645756493991653,False
100,0.4,26,C069_phys_c_d_61,4,C060_phys_m_t_52,physics,0.7332044158509474,False
100,0.4,26,C069_phys_c_d_61,5,C004_force,physics,0.7313078094888863,False
100,0.4,26,C069_phys_c_d_61,6,C072_lin_re_v_E_c_64,linear,0.7041551238965382,False
100,0.4,26,C069_phys_c_d_61,7,C054_lin_re_F_q_y_46,linear,0.6846623234979158,False
100,0.4,26,C069_phys_c_d_61,8,C077_phys_s_c_70,physics,0.6749834918176301,False
100,0.4,26,C069_phys_c_d_61,9,C032_ratio_v_F_E_22,ratio,0.6712481133332266,False
100,0.4,26,C069_phys_c_d_61,10,C093_phys_F_y_88,physics,0.6664359844512657,False
100,0.4,27,C086_poly_v_s_x_80,1,C086_poly_v_s_x_80,polynomial,0.8569522906614444,True
100,0.4,27,C086_poly_v_s_x_80,2,C078_poly_v_y_A_71,polynomial,0.8180014632408836,False
100,0.4,27,C086_poly_v_s_x_80,3,C018_poly_s_p_c_8,polynomial,0.8087743011807118,False
100,0.4,27,C086_poly_v_s_x_80,4,C044_poly_s_A_y_35,polynomial,0.8087502196328991,False
100,0.4,27,C086_poly_v_s_x_80,5,C094_poly_b_m_s_89,polynomial,0.7904934535915771,False
100,0.4,27,C086_poly_v_s_x_80,6,C027_poly_d_y_s_17,polynomial,0.7830210318241648,False
100,0.4,27,C086_poly_v_s_x_80,7,C035_poly_p_q_E_26,polynomial,0.7793063121765338,False
100,0.4,27,C086_poly_v_s_x_80,8,C070_poly_m_b_p_62,polynomial,0.7696834224345623,False
100,0.4,27,C086_poly_v_s_x_80,9,C052_poly_c_q_t_44,polynomial,0.7620797906209493,False
100,0.4,27,C086_poly_v_s_x_80,10,C061_poly_z_y_m_53,polynomial,0.7590969652224677,False
